[
  {
    "id": "46547855-fdc1-4cdb-80e1-9daf39e9db7d",
    "data": [
      {
        "text": "Is the ",
        "userDefined": false
      },
      {
        "text": "trunk",
        "meta": "@sys.any",
        "alias": "subject",
        "userDefined": true
      },
      {
        "text": " ",
        "userDefined": false
      },
      {
        "text": "locked",
        "meta": "@sys.any",
        "alias": "phrase",
        "userDefined": true
      },
      {
        "text": "?",
        "userDefined": false
      }
    ],
    "isTemplate": false,
    "count": 0,
    "lang": "en",
    "updated": 0
  },
  {
    "id": "927a051c-b2c3-4416-8d0a-e36bff724bba",
    "data": [
      {
        "text": "Can I ",
        "userDefined": false
      },
      {
        "text": "do some weird thing",
        "meta": "@sys.any",
        "alias": "phrase",
        "userDefined": true
      },
      {
        "text": "?",
        "userDefined": false
      }
    ],
    "isTemplate": false,
    "count": 0,
    "lang": "en",
    "updated": 0
  }
]