[
  {
    "id": "e9d2eff6-ef19-4adb-84b2-f10b985698d4",
    "data": [
      {
        "text": "Which direction did I come from?",
        "userDefined": false
      }
    ],
    "isTemplate": false,
    "count": 0
  },
  {
    "id": "138a085f-7ea5-490a-b5a8-cf3ca929980f",
    "data": [
      {
        "text": "Which direction did I arrive from?",
        "userDefined": false
      }
    ],
    "isTemplate": false,
    "count": 0
  },
  {
    "id": "866bb447-17e0-47ec-bef3-5c66eac6907f",
    "data": [
      {
        "text": "Which way did I come from?",
        "userDefined": false
      }
    ],
    "isTemplate": false,
    "count": 0
  },
  {
    "id": "dee9f36c-8007-4dc0-9123-943e12686ca6",
    "data": [
      {
        "text": "Where did I arrive from?",
        "userDefined": false
      }
    ],
    "isTemplate": false,
    "count": 0
  },
  {
    "id": "62b35794-56d4-4208-b57e-e72241feac35",
    "data": [
      {
        "text": "Where have I been?",
        "userDefined": false
      }
    ],
    "isTemplate": false,
    "count": 0
  },
  {
    "id": "42d9c646-fd1d-41cd-a74e-dd8b7f4aad2b",
    "data": [
      {
        "text": "Where did I come from?",
        "userDefined": false
      }
    ],
    "isTemplate": false,
    "count": 0
  }
]