[
  {
    "id": "e4e1089d-2412-4a91-a3ab-b9ba4bc4524f",
    "data": [
      {
        "text": "I want to shut the ",
        "userDefined": false
      },
      {
        "text": "blinds",
        "meta": "@sys.any",
        "alias": "subject",
        "userDefined": true
      }
    ],
    "isTemplate": false,
    "count": 0,
    "lang": "en",
    "updated": 0
  },
  {
    "id": "d3140bf9-a1f8-44ff-8694-c5145202e3bc",
    "data": [
      {
        "text": "shut the ",
        "userDefined": false
      },
      {
        "text": "book",
        "meta": "@sys.any",
        "alias": "subject",
        "userDefined": true
      }
    ],
    "isTemplate": false,
    "count": 0,
    "lang": "en",
    "updated": 0
  },
  {
    "id": "af9502d4-c0c5-4ab8-9320-fb98c91ca5fa",
    "data": [
      {
        "text": "close the ",
        "userDefined": false
      },
      {
        "text": "loop",
        "meta": "@sys.any",
        "alias": "subject",
        "userDefined": true
      }
    ],
    "isTemplate": false,
    "count": 0,
    "lang": "en",
    "updated": 0
  },
  {
    "id": "ed0a4277-d932-49b3-90bd-fa5697d7c45b",
    "data": [
      {
        "text": "I want to close the ",
        "userDefined": false
      },
      {
        "text": "bottle",
        "meta": "@sys.any",
        "alias": "subject",
        "userDefined": true
      }
    ],
    "isTemplate": false,
    "count": 0,
    "lang": "en",
    "updated": 0
  },
  {
    "id": "353b00f3-e265-4821-a368-7c774fc2e216",
    "data": [
      {
        "text": "I close the ",
        "userDefined": false
      },
      {
        "text": "oven",
        "meta": "@sys.any",
        "alias": "subject",
        "userDefined": true
      }
    ],
    "isTemplate": false,
    "count": 0,
    "lang": "en",
    "updated": 0
  },
  {
    "id": "8f88d804-3cae-4e43-8b4a-ca3534d6d95d",
    "data": [
      {
        "text": "Close the ",
        "userDefined": false
      },
      {
        "text": "grate",
        "meta": "@sys.any",
        "alias": "subject",
        "userDefined": true
      }
    ],
    "isTemplate": false,
    "count": 0,
    "lang": "en",
    "updated": 0
  }
]