[
  {
    "id": "9980c7bd-a12f-48e3-a6a1-ee07002ed6d9",
    "data": [
      {
        "text": "Tell me about doublespeak",
        "userDefined": false
      }
    ],
    "isTemplate": false,
    "count": 0,
    "lang": "en",
    "updated": 0
  },
  {
    "id": "9a23e3e5-b8fe-4a1c-8870-b7585bc63a5e",
    "data": [
      {
        "text": "Listen to the credits",
        "userDefined": false
      }
    ],
    "isTemplate": false,
    "count": 0,
    "lang": "en",
    "updated": 0
  },
  {
    "id": "f022223e-c0a1-490b-b469-9bcd972f9b03",
    "data": [
      {
        "text": "Who made this?",
        "userDefined": false
      }
    ],
    "isTemplate": false,
    "count": 0,
    "lang": "en",
    "updated": 0
  }
]