[
  {
    "id": "e8711c49-9798-4ac8-844f-131c4407062e",
    "data": [
      {
        "text": "Drop ",
        "userDefined": false
      },
      {
        "text": "microphone",
        "meta": "@sys.any",
        "alias": "subject",
        "userDefined": true
      }
    ],
    "isTemplate": false,
    "count": 1,
    "lang": "en",
    "updated": 0
  },
  {
    "id": "48c9224b-e19a-4196-8dd0-a19bddcaf861",
    "data": [
      {
        "text": "Drop the ",
        "userDefined": false
      },
      {
        "text": "microphone",
        "meta": "@sys.any",
        "alias": "subject",
        "userDefined": true
      }
    ],
    "isTemplate": false,
    "count": 0,
    "lang": "en",
    "updated": 0
  }
]