[
  {
    "id": "4c7a99a0-8f82-4a1b-9e0a-af45a7871d96",
    "data": [
      {
        "text": "Go back to the previous room",
        "userDefined": false
      }
    ],
    "isTemplate": false,
    "count": 0,
    "lang": "en",
    "updated": 0
  },
  {
    "id": "3f9a54f2-84fa-4140-a266-6aa2053f05e7",
    "data": [
      {
        "text": "Go back to previous room",
        "userDefined": false
      }
    ],
    "isTemplate": false,
    "count": 0,
    "lang": "en",
    "updated": 0
  },
  {
    "id": "46c5ba4b-daee-4810-b647-cac9b4659984",
    "data": [
      {
        "text": "Run away",
        "userDefined": false
      }
    ],
    "isTemplate": false,
    "count": 0,
    "lang": "en",
    "updated": 0
  },
  {
    "id": "3d6ca215-378a-4224-83e1-a349f7e43b20",
    "data": [
      {
        "text": "Go back where I came from",
        "userDefined": false
      }
    ],
    "isTemplate": false,
    "count": 0,
    "lang": "en",
    "updated": 0
  },
  {
    "id": "99c5f958-60db-4c70-a74f-2176f30fb8ca",
    "data": [
      {
        "text": "Go back",
        "userDefined": false
      }
    ],
    "isTemplate": false,
    "count": 0,
    "lang": "en",
    "updated": 0
  },
  {
    "id": "3f2a4880-39ad-4b82-887f-2af9afc5b51c",
    "data": [
      {
        "text": "Go back the way I came",
        "userDefined": false
      }
    ],
    "isTemplate": false,
    "count": 0,
    "lang": "en",
    "updated": 0
  }
]