[
  {
    "id": "42dbe919-0e1c-4641-830c-f4ba0784fe72",
    "data": [
      {
        "text": "What are my options?",
        "userDefined": false
      }
    ],
    "isTemplate": false,
    "count": 0,
    "lang": "en",
    "updated": 0
  },
  {
    "id": "a0bf47cb-f9e1-495f-b609-74ab94a6e83e",
    "data": [
      {
        "text": "What should I do?",
        "userDefined": false
      }
    ],
    "isTemplate": false,
    "count": 0,
    "lang": "en",
    "updated": 0
  },
  {
    "id": "8d1b0bd1-d4d7-42c1-92e2-3a0f9169dc03",
    "data": [
      {
        "text": "What should I say?",
        "userDefined": false
      }
    ],
    "isTemplate": false,
    "count": 0,
    "lang": "en",
    "updated": 0
  },
  {
    "id": "bec1012e-ce41-4d79-9fcb-58f348a44e59",
    "data": [
      {
        "text": "What do I say?",
        "userDefined": false
      }
    ],
    "isTemplate": false,
    "count": 0,
    "lang": "en",
    "updated": 0
  },
  {
    "id": "b5cd3a34-39cf-4943-b481-13bc592c8a69",
    "data": [
      {
        "text": "What do I do?",
        "userDefined": false
      }
    ],
    "isTemplate": false,
    "count": 0,
    "lang": "en",
    "updated": 0
  },
  {
    "id": "9f9c08e7-6702-447c-8649-1649bf5d10a9",
    "data": [
      {
        "text": "Help me",
        "userDefined": false
      }
    ],
    "isTemplate": false,
    "count": 0,
    "lang": "en",
    "updated": 0
  },
  {
    "id": "cab075ed-9c8f-439e-8abf-3ab7e223bb04",
    "data": [
      {
        "text": "What are the instructions?",
        "userDefined": false
      }
    ],
    "isTemplate": false,
    "count": 0,
    "lang": "en",
    "updated": 0
  },
  {
    "id": "1e0fd6dc-1174-474d-b377-a8e3d4f8b6a3",
    "data": [
      {
        "text": "Tell me the instructions",
        "userDefined": false
      }
    ],
    "isTemplate": false,
    "count": 0,
    "lang": "en",
    "updated": 0
  },
  {
    "id": "f7a26d61-c9bd-4c36-b497-8036e06bc847",
    "data": [
      {
        "text": "Instructions",
        "userDefined": false
      }
    ],
    "isTemplate": false,
    "count": 0,
    "lang": "en",
    "updated": 0
  },
  {
    "id": "7e07f26d-7116-4101-862f-c76418b7943e",
    "data": [
      {
        "text": "How do I play?",
        "userDefined": false
      }
    ],
    "isTemplate": false,
    "count": 0,
    "lang": "en",
    "updated": 0
  },
  {
    "id": "bf6a3d4d-0c9e-4746-b5af-f93bf57f1cb9",
    "data": [
      {
        "text": "What can I do?",
        "userDefined": false
      }
    ],
    "isTemplate": false,
    "count": 0,
    "lang": "en",
    "updated": 0
  },
  {
    "id": "f2c6be05-4a84-41c5-9c45-c18e77e63ef7",
    "data": [
      {
        "text": "What can I say?",
        "userDefined": false
      }
    ],
    "isTemplate": false,
    "count": 0,
    "lang": "en",
    "updated": 0
  },
  {
    "id": "1a44b02e-763f-41e2-92a5-fcc7c9f642fb",
    "data": [
      {
        "text": "Help",
        "userDefined": false
      }
    ],
    "isTemplate": false,
    "count": 0,
    "lang": "en",
    "updated": 0
  }
]