[
  {
    "id": "d3891240-beee-42eb-96ac-2146ae2931b9",
    "data": [
      {
        "text": "Wait",
        "userDefined": false
      }
    ],
    "isTemplate": false,
    "count": 0
  },
  {
    "id": "bf1feab9-6360-446a-b9e9-2ffd1a0ebc9b",
    "data": [
      {
        "text": "Pause",
        "userDefined": false
      }
    ],
    "isTemplate": false,
    "count": 0
  },
  {
    "id": "b5a17813-d78a-4aaf-9119-6214cdf061cb",
    "data": [
      {
        "text": "Wait a minute",
        "userDefined": false
      }
    ],
    "isTemplate": false,
    "count": 0
  }
]