[
  {
    "id": "23575d37-fdea-47d6-a938-403badc3af0e",
    "data": [
      {
        "text": "Set the ",
        "userDefined": false
      },
      {
        "text": "straw",
        "alias": "subject",
        "meta": "@sys.any",
        "userDefined": true
      },
      {
        "text": " on fire",
        "userDefined": false
      }
    ],
    "isTemplate": false,
    "count": 0
  },
  {
    "id": "495a0359-be15-40c7-958c-2dba78af3ecd",
    "data": [
      {
        "text": "Ignite the ",
        "userDefined": false
      },
      {
        "text": "house",
        "alias": "subject",
        "meta": "@sys.any",
        "userDefined": true
      },
      {
        "text": " with a ",
        "userDefined": false
      },
      {
        "text": "fireball",
        "alias": "object",
        "meta": "@sys.any",
        "userDefined": true
      }
    ],
    "isTemplate": false,
    "count": 0,
    "updated": 1551205899
  },
  {
    "id": "b9ca7caa-f930-439b-942b-cc33890808a9",
    "data": [
      {
        "text": "Light ",
        "userDefined": false
      },
      {
        "text": "straw",
        "alias": "subject",
        "meta": "@sys.any",
        "userDefined": true
      }
    ],
    "isTemplate": false,
    "count": 0
  },
  {
    "id": "5fd07379-1eee-4fcd-82e5-e5ed5ccb1bc7",
    "data": [
      {
        "text": "Light the ",
        "userDefined": false
      },
      {
        "text": "torch",
        "alias": "subject",
        "meta": "@sys.any",
        "userDefined": true
      },
      {
        "text": " with the ",
        "userDefined": false
      },
      {
        "text": "fire",
        "alias": "object",
        "meta": "@sys.any",
        "userDefined": true
      },
      {
        "text": ".",
        "userDefined": false
      }
    ],
    "isTemplate": false,
    "count": 0,
    "updated": 1551205899
  },
  {
    "id": "55299772-7a0c-4f4f-83f8-0ce1c83e7afc",
    "data": [
      {
        "text": "Light the ",
        "userDefined": false
      },
      {
        "text": "stick",
        "alias": "subject",
        "meta": "@sys.any",
        "userDefined": true
      },
      {
        "text": " in the ",
        "userDefined": false
      },
      {
        "text": "flames",
        "alias": "object",
        "meta": "@sys.any",
        "userDefined": true
      }
    ],
    "isTemplate": false,
    "count": 0,
    "updated": 1551205899
  },
  {
    "id": "2954810e-253a-4e7a-bfd3-d9ef5f8683e1",
    "data": [
      {
        "text": "Light the ",
        "userDefined": false
      },
      {
        "text": "match",
        "alias": "subject",
        "meta": "@sys.any",
        "userDefined": true
      },
      {
        "text": " on the ",
        "userDefined": false
      },
      {
        "text": "matchbox",
        "alias": "object",
        "meta": "@sys.any",
        "userDefined": true
      }
    ],
    "isTemplate": false,
    "count": 0,
    "updated": 1551205899
  }
]