[
  {
    "id": "1f26acdf-d2a4-43fc-af75-6398d8f1f285",
    "data": [
      {
        "text": "Go forward",
        "userDefined": false
      }
    ],
    "isTemplate": false,
    "count": 0
  },
  {
    "id": "8797af98-5b64-4aee-a42e-998bf9a51506",
    "data": [
      {
        "text": "Run away",
        "userDefined": false
      }
    ],
    "isTemplate": false,
    "count": 0
  },
  {
    "id": "3ecc7ee0-0677-483b-812d-a5efe171e72b",
    "data": [
      {
        "text": "Keep walking",
        "userDefined": false
      }
    ],
    "isTemplate": false,
    "count": 0
  },
  {
    "id": "96aad827-b3fd-4b5c-88f3-587e65ba027f",
    "data": [
      {
        "text": "Keep going",
        "userDefined": false
      }
    ],
    "isTemplate": false,
    "count": 0
  },
  {
    "id": "8edb49cf-75b8-43f9-909b-98adaadc0b39",
    "data": [
      {
        "text": "Walk forward",
        "userDefined": false
      }
    ],
    "isTemplate": false,
    "count": 0
  },
  {
    "id": "dcc5adc2-29ca-4b2f-8be3-bc7fe37798cf",
    "data": [
      {
        "text": "Go the ",
        "userDefined": false
      },
      {
        "text": "north",
        "alias": "subject",
        "meta": "@direction",
        "userDefined": true
      }
    ],
    "isTemplate": false,
    "count": 0
  },
  {
    "id": "18a99638-20ed-4c07-b1e7-35a491747ee3",
    "data": [
      {
        "text": "Go through the ",
        "userDefined": false
      },
      {
        "text": "door",
        "alias": "any",
        "meta": "@sys.any",
        "userDefined": true
      },
      {
        "text": " to the ",
        "userDefined": false
      },
      {
        "text": "east",
        "alias": "subject",
        "meta": "@direction",
        "userDefined": true
      }
    ],
    "isTemplate": false,
    "count": 0
  },
  {
    "id": "e268ac73-826e-45d9-96f9-388a531f56b0",
    "data": [
      {
        "text": "Use the ",
        "userDefined": false
      },
      {
        "text": "door",
        "alias": "any",
        "meta": "@sys.any",
        "userDefined": true
      },
      {
        "text": " to the ",
        "userDefined": false
      },
      {
        "text": "north",
        "alias": "subject",
        "meta": "@direction",
        "userDefined": true
      }
    ],
    "isTemplate": false,
    "count": 0
  },
  {
    "id": "6bf2cf9d-8e5c-4b4e-afe8-25bf85500621",
    "data": [
      {
        "text": "Take the ",
        "userDefined": false
      },
      {
        "text": "door",
        "alias": "any",
        "meta": "@sys.any",
        "userDefined": true
      },
      {
        "text": " to the ",
        "userDefined": false
      },
      {
        "text": "west",
        "alias": "subject",
        "meta": "@direction",
        "userDefined": true
      }
    ],
    "isTemplate": false,
    "count": 0
  },
  {
    "id": "9a3f37f9-682d-4b86-bcd6-b63d91a25bc9",
    "data": [
      {
        "text": "Leave to the ",
        "userDefined": false
      },
      {
        "text": "west",
        "alias": "subject",
        "meta": "@direction",
        "userDefined": true
      }
    ],
    "isTemplate": false,
    "count": 0
  },
  {
    "id": "33643759-ac13-4896-86ea-c18eb3f71060",
    "data": [
      {
        "text": "Exit to the ",
        "userDefined": false
      },
      {
        "text": "east",
        "alias": "subject",
        "meta": "@direction",
        "userDefined": true
      }
    ],
    "isTemplate": false,
    "count": 0
  },
  {
    "id": "f7f259d2-5f36-4b00-b008-c47a471f551a",
    "data": [
      {
        "text": "Move to the ",
        "userDefined": false
      },
      {
        "text": "east",
        "alias": "subject",
        "meta": "@direction",
        "userDefined": true
      }
    ],
    "isTemplate": false,
    "count": 0
  },
  {
    "id": "cc1f90ce-6cd3-4228-a7a9-9018a135056e",
    "data": [
      {
        "text": "Go to the ",
        "userDefined": false
      },
      {
        "text": "east",
        "alias": "subject",
        "meta": "@direction",
        "userDefined": true
      }
    ],
    "isTemplate": false,
    "count": 0
  },
  {
    "id": "ce62ba23-3382-409c-abdb-74f0c9ecb52e",
    "data": [
      {
        "text": "Go back ",
        "userDefined": false
      },
      {
        "text": "north",
        "alias": "subject",
        "meta": "@direction",
        "userDefined": true
      }
    ],
    "isTemplate": false,
    "count": 0
  },
  {
    "id": "77115ba9-ed66-4e3b-b64a-2d770703da3e",
    "data": [
      {
        "text": "Go back to the ",
        "userDefined": false
      },
      {
        "text": "north",
        "alias": "subject",
        "meta": "@direction",
        "userDefined": true
      }
    ],
    "isTemplate": false,
    "count": 0
  },
  {
    "id": "a26f393a-827f-4a4b-9c64-276b6b037d22",
    "data": [
      {
        "text": "Exit ",
        "userDefined": false
      },
      {
        "text": "bus",
        "alias": "any",
        "meta": "@sys.any",
        "userDefined": true
      }
    ],
    "isTemplate": false,
    "count": 0,
    "updated": 1551820291
  },
  {
    "id": "5cc40c98-3393-4f9c-8445-4c6df3bd10ff",
    "data": [
      {
        "text": "Leave ",
        "userDefined": false
      },
      {
        "text": "room",
        "alias": "any",
        "meta": "@sys.any",
        "userDefined": true
      }
    ],
    "isTemplate": false,
    "count": 0,
    "updated": 1551820291
  },
  {
    "id": "c23aab99-bf51-4ddb-9d1e-8650c2bfe8a1",
    "data": [
      {
        "text": "Go out",
        "userDefined": false
      }
    ],
    "isTemplate": false,
    "count": 0,
    "updated": 1551719662
  },
  {
    "id": "fbc519a6-4377-44a2-8f2d-2685d4e479b2",
    "data": [
      {
        "text": "Exit the ",
        "userDefined": false
      },
      {
        "text": "pantry",
        "alias": "any",
        "meta": "@sys.any",
        "userDefined": true
      }
    ],
    "isTemplate": false,
    "count": 0,
    "updated": 1551820291
  },
  {
    "id": "dc886363-a965-49bd-afdf-1580116bea37",
    "data": [
      {
        "text": "Leave the ",
        "userDefined": false
      },
      {
        "text": "pantry",
        "alias": "any",
        "meta": "@sys.any",
        "userDefined": true
      }
    ],
    "isTemplate": false,
    "count": 0,
    "updated": 1551820291
  },
  {
    "id": "f06cc98e-abbf-40fb-ac21-34e3eda4c057",
    "data": [
      {
        "text": "Walk outside",
        "userDefined": false
      }
    ],
    "isTemplate": false,
    "count": 0,
    "updated": 1551388607
  },
  {
    "id": "3fe0f3fe-ca3f-4eef-a78d-ef9dd29ae4ef",
    "data": [
      {
        "text": "Go outside",
        "userDefined": false
      }
    ],
    "isTemplate": false,
    "count": 0,
    "updated": 1551388607
  },
  {
    "id": "b22de508-0401-4220-b592-d26b0dc99116",
    "data": [
      {
        "text": "Leave",
        "userDefined": false
      }
    ],
    "isTemplate": false,
    "count": 0,
    "updated": 1551388607
  },
  {
    "id": "9440cce4-df07-4423-8fcd-5bfc8ee5377a",
    "data": [
      {
        "text": "Leave the room",
        "userDefined": false
      }
    ],
    "isTemplate": false,
    "count": 0,
    "updated": 1551388607
  },
  {
    "id": "bb973685-456f-42b2-a562-557020cdb314",
    "data": [
      {
        "text": "sneak ",
        "userDefined": false
      },
      {
        "text": "north",
        "alias": "subject",
        "meta": "@direction",
        "userDefined": false
      }
    ],
    "isTemplate": false,
    "count": 0,
    "updated": 1550804701
  },
  {
    "id": "7a2cd605-ca4b-4370-80e2-b724fd02bd55",
    "data": [
      {
        "text": "I travel ",
        "userDefined": false
      },
      {
        "text": "south",
        "alias": "subject",
        "meta": "@direction",
        "userDefined": false
      }
    ],
    "isTemplate": false,
    "count": 0,
    "updated": 1550804701
  },
  {
    "id": "45982d15-ee77-40df-ba60-b53c918df6ce",
    "data": [
      {
        "text": "I want to go ",
        "userDefined": false
      },
      {
        "text": "west",
        "alias": "subject",
        "meta": "@direction",
        "userDefined": false
      }
    ],
    "isTemplate": false,
    "count": 0,
    "updated": 1550804701
  },
  {
    "id": "4b200740-50c6-48cd-8ab1-05a1b422673c",
    "data": [
      {
        "text": "I walk ",
        "userDefined": false
      },
      {
        "text": "east",
        "alias": "subject",
        "meta": "@direction",
        "userDefined": false
      }
    ],
    "isTemplate": false,
    "count": 0,
    "updated": 1550804701
  },
  {
    "id": "efbd4f45-5719-44ca-8314-491a6ad2360b",
    "data": [
      {
        "text": "Walk",
        "userDefined": false
      }
    ],
    "isTemplate": false,
    "count": 0,
    "updated": 1551715087
  },
  {
    "id": "3da70d7f-b63c-4ead-950f-4acffaee4798",
    "data": [
      {
        "text": "Run",
        "userDefined": false
      }
    ],
    "isTemplate": false,
    "count": 0,
    "updated": 1551715087
  },
  {
    "id": "21bd56d2-1968-418b-8471-7846cd50d685",
    "data": [
      {
        "text": "Sneak",
        "userDefined": false
      }
    ],
    "isTemplate": false,
    "count": 0,
    "updated": 1551715087
  },
  {
    "id": "1d37b9ee-11e8-4f95-b36b-d43733eb52af",
    "data": [
      {
        "text": "Go ",
        "userDefined": false
      },
      {
        "text": "south",
        "alias": "subject",
        "meta": "@direction",
        "userDefined": false
      }
    ],
    "isTemplate": false,
    "count": 3,
    "updated": 1551715087
  },
  {
    "id": "630b4220-ed87-4442-83fe-35704589b41f",
    "data": [
      {
        "text": "walk ",
        "userDefined": false
      },
      {
        "text": "east",
        "alias": "subject",
        "meta": "@direction",
        "userDefined": false
      }
    ],
    "isTemplate": false,
    "count": 0,
    "updated": 1550804701
  },
  {
    "id": "bffe77c7-6660-4863-89bc-5130467a2668",
    "data": [
      {
        "text": "head ",
        "userDefined": false
      },
      {
        "text": "west",
        "alias": "subject",
        "meta": "@direction",
        "userDefined": true
      }
    ],
    "isTemplate": false,
    "count": 0,
    "updated": 1550804701
  },
  {
    "id": "f7cab6d5-b40e-4101-bc85-79517d71d6d6",
    "data": [
      {
        "text": "east",
        "alias": "subject",
        "meta": "@direction",
        "userDefined": false
      }
    ],
    "isTemplate": false,
    "count": 0,
    "updated": 1550770990
  },
  {
    "id": "0e579c54-4ab5-486e-9ca3-1a43e9235fd5",
    "data": [
      {
        "text": "north",
        "alias": "subject",
        "meta": "@direction",
        "userDefined": false
      }
    ],
    "isTemplate": false,
    "count": 0,
    "updated": 1550770990
  },
  {
    "id": "4c7b6835-bf94-40e2-a826-d02af1b76dbc",
    "data": [
      {
        "text": "move ",
        "userDefined": false
      },
      {
        "text": "south",
        "alias": "subject",
        "meta": "@direction",
        "userDefined": false
      }
    ],
    "isTemplate": false,
    "count": 0,
    "updated": 1550770990
  },
  {
    "id": "8362b02c-f590-4275-bff7-d5f5249baa9e",
    "data": [
      {
        "text": "I go ",
        "userDefined": false
      },
      {
        "text": "west",
        "alias": "subject",
        "meta": "@direction",
        "userDefined": false
      }
    ],
    "isTemplate": false,
    "count": 0,
    "updated": 1550770990
  },
  {
    "id": "9e605b9d-23ed-43ba-bcdc-d1549a9746f1",
    "data": [
      {
        "text": "travel ",
        "userDefined": false
      },
      {
        "text": "west",
        "alias": "subject",
        "meta": "@direction",
        "userDefined": false
      }
    ],
    "isTemplate": false,
    "count": 0,
    "updated": 1550770990
  },
  {
    "id": "6ad23f04-8498-46e3-9ad7-d3578b349a51",
    "data": [
      {
        "text": "go ",
        "userDefined": false
      },
      {
        "text": "north",
        "alias": "subject",
        "meta": "@direction",
        "userDefined": false
      }
    ],
    "isTemplate": false,
    "count": 0,
    "updated": 1550770990
  }
]