[
  {
    "id": "fb546b5e-7ffe-449b-8099-2188e3a1b4f4",
    "data": [
      {
        "text": "Which direction is back?",
        "userDefined": false
      }
    ],
    "isTemplate": false,
    "count": 0,
    "lang": "en",
    "updated": 0
  },
  {
    "id": "65e0f92b-fe7c-4067-8992-d18d150ebac7",
    "data": [
      {
        "text": "Which direction did I come from?",
        "userDefined": false
      }
    ],
    "isTemplate": false,
    "count": 0,
    "lang": "en",
    "updated": 0
  },
  {
    "id": "24c83a3c-42c7-4904-b26f-9899c8ffdb1d",
    "data": [
      {
        "text": "Where have I been?",
        "userDefined": false
      }
    ],
    "isTemplate": false,
    "count": 0,
    "lang": "en",
    "updated": 0
  },
  {
    "id": "5ab8ab99-180d-459f-bfe4-b6cc5a4ef33b",
    "data": [
      {
        "text": "From which direction did I arrive?",
        "userDefined": false
      }
    ],
    "isTemplate": false,
    "count": 0,
    "lang": "en",
    "updated": 0
  },
  {
    "id": "a998b6e7-1f77-44c8-a06c-82d7241f05b5",
    "data": [
      {
        "text": "Which way did I arrive from?",
        "userDefined": false
      }
    ],
    "isTemplate": false,
    "count": 0,
    "lang": "en",
    "updated": 0
  },
  {
    "id": "fa7828d1-023a-422d-90fb-4ea26f2378c6",
    "data": [
      {
        "text": "Where did I come from?",
        "userDefined": false
      }
    ],
    "isTemplate": false,
    "count": 0,
    "lang": "en",
    "updated": 0
  },
  {
    "id": "a2b1a60f-e144-4e10-878e-92a7c4b49eed",
    "data": [
      {
        "text": "Where have I come from?",
        "userDefined": false
      }
    ],
    "isTemplate": false,
    "count": 0,
    "lang": "en",
    "updated": 0
  }
]