[
  {
    "id": "68fe6a6e-67cf-4e83-a560-5a64880b718e",
    "data": [
      {
        "text": "I open ",
        "userDefined": false
      },
      {
        "text": "it",
        "meta": "@sys.any",
        "alias": "subject",
        "userDefined": true
      }
    ],
    "isTemplate": false,
    "count": 0,
    "lang": "en",
    "updated": 0
  },
  {
    "id": "86922276-baeb-4d1a-a371-13845f145025",
    "data": [
      {
        "text": "Open ",
        "userDefined": false
      },
      {
        "text": "it",
        "meta": "@sys.any",
        "alias": "subject",
        "userDefined": true
      }
    ],
    "isTemplate": false,
    "count": 0,
    "lang": "en",
    "updated": 0
  },
  {
    "id": "1c14b275-86a3-49b7-98fc-bf3273dc6267",
    "data": [
      {
        "text": "Open the ",
        "userDefined": false
      },
      {
        "text": "trapdoor",
        "meta": "@sys.any",
        "alias": "subject",
        "userDefined": true
      }
    ],
    "isTemplate": false,
    "count": 0,
    "lang": "en",
    "updated": 0
  },
  {
    "id": "ea18d918-5404-459a-9611-0adc80f5153b",
    "data": [
      {
        "text": "I want to open the ",
        "userDefined": false
      },
      {
        "text": "chest",
        "meta": "@sys.any",
        "alias": "subject",
        "userDefined": true
      }
    ],
    "isTemplate": false,
    "count": 0,
    "lang": "en",
    "updated": 0
  },
  {
    "id": "78f5ac9b-cbac-4071-9d31-2da00b7be7c8",
    "data": [
      {
        "text": "I open the ",
        "userDefined": false
      },
      {
        "text": "cage",
        "meta": "@sys.any",
        "alias": "subject",
        "userDefined": true
      }
    ],
    "isTemplate": false,
    "count": 0,
    "lang": "en",
    "updated": 0
  },
  {
    "id": "9296a05e-f0f7-4235-8589-35b74104ac76",
    "data": [
      {
        "text": "Open the ",
        "userDefined": false
      },
      {
        "text": "door",
        "meta": "@sys.any",
        "alias": "subject",
        "userDefined": true
      }
    ],
    "isTemplate": false,
    "count": 0,
    "lang": "en",
    "updated": 0
  }
]