[
  {
    "id": "7485d601-960b-45e7-933e-a70b7811984c",
    "data": [
      {
        "text": "delete my save",
        "userDefined": false
      }
    ],
    "isTemplate": false,
    "count": 0,
    "updated": 1550791595
  },
  {
    "id": "c0183447-ef42-41b1-8441-bfd99b2980eb",
    "data": [
      {
        "text": "restart",
        "userDefined": false
      }
    ],
    "isTemplate": false,
    "count": 0,
    "updated": 1550791595
  },
  {
    "id": "19198a65-d56c-42bc-a427-c03da0feb5f3",
    "data": [
      {
        "text": "delete save",
        "userDefined": false
      }
    ],
    "isTemplate": false,
    "count": 0,
    "updated": 1550791595
  },
  {
    "id": "1ed396bb-e578-47cf-8502-633daa642f17",
    "data": [
      {
        "text": "start over",
        "userDefined": false
      }
    ],
    "isTemplate": false,
    "count": 0,
    "updated": 1550791595
  },
  {
    "id": "cfc145ff-2a9e-4327-bb6d-8249d79dfb6b",
    "data": [
      {
        "text": "start the game over",
        "userDefined": false
      }
    ],
    "isTemplate": false,
    "count": 0,
    "updated": 1550791595
  },
  {
    "id": "c5b6fdcc-2550-4cec-b3e5-4d6f5931adb3",
    "data": [
      {
        "text": "Skip to the ",
        "userDefined": false
      },
      {
        "text": "climax",
        "alias": "subject",
        "meta": "@sys.any",
        "userDefined": true
      }
    ],
    "isTemplate": false,
    "count": 0,
    "updated": 1551892508
  },
  {
    "id": "28d2da73-6fe4-42f2-9fcd-7f631a8f27dd",
    "data": [
      {
        "text": "restart the adventure",
        "userDefined": false
      }
    ],
    "isTemplate": false,
    "count": 0,
    "updated": 1550791595
  },
  {
    "id": "8b033d89-b986-449d-9f12-f0064349c684",
    "data": [
      {
        "text": "Restart at the ",
        "userDefined": false
      },
      {
        "text": "tree",
        "alias": "subject",
        "meta": "@sys.any",
        "userDefined": true
      }
    ],
    "isTemplate": false,
    "count": 0,
    "updated": 1551892508
  },
  {
    "id": "a81e3226-f67d-46c6-9e4c-e4a7248b4e2c",
    "data": [
      {
        "text": "I want to restart",
        "userDefined": false
      }
    ],
    "isTemplate": false,
    "count": 0,
    "updated": 1550791595
  },
  {
    "id": "cf3ef51e-70ee-43c0-abe5-69349ed19300",
    "data": [
      {
        "text": "restart the game",
        "userDefined": false
      }
    ],
    "isTemplate": false,
    "count": 0,
    "updated": 1550791595
  },
  {
    "id": "af412287-62df-4fca-b520-c527914ac9df",
    "data": [
      {
        "text": "Start at the ",
        "userDefined": false
      },
      {
        "text": "tent",
        "alias": "subject",
        "meta": "@sys.any",
        "userDefined": true
      }
    ],
    "isTemplate": false,
    "count": 0,
    "updated": 1551892508
  },
  {
    "id": "8f7aa9ea-7e3a-4ded-b1c3-950f70e2146f",
    "data": [
      {
        "text": "Can we start over?",
        "userDefined": false
      }
    ],
    "isTemplate": false,
    "count": 0,
    "updated": 1550791595
  }
]