[
  {
    "id": "51325395-b7b9-44a5-8dc6-307ea9759797",
    "data": [
      {
        "text": "Let ",
        "userDefined": false
      },
      {
        "text": "cat",
        "alias": "subject",
        "meta": "@sys.any",
        "userDefined": true
      },
      {
        "text": " out",
        "userDefined": false
      }
    ],
    "isTemplate": false,
    "count": 0,
    "updated": 1551475318
  },
  {
    "id": "a659b084-9393-4ab5-9b04-cafd875f22f1",
    "data": [
      {
        "text": "Let the ",
        "userDefined": false
      },
      {
        "text": "demon",
        "alias": "subject",
        "meta": "@sys.any",
        "userDefined": true
      },
      {
        "text": " out",
        "userDefined": false
      }
    ],
    "isTemplate": false,
    "count": 0,
    "updated": 1551475318
  },
  {
    "id": "df0eb918-ae47-4ca5-a0c7-6155961d58ae",
    "data": [
      {
        "text": "Release ",
        "userDefined": false
      },
      {
        "text": "latch",
        "alias": "subject",
        "meta": "@sys.any",
        "userDefined": true
      }
    ],
    "isTemplate": false,
    "count": 0,
    "updated": 1551475318
  },
  {
    "id": "a75b65f5-d0ae-4630-b1b2-c61088e7161a",
    "data": [
      {
        "text": "Free ",
        "userDefined": false
      },
      {
        "text": "Willy",
        "alias": "subject",
        "meta": "@sys.any",
        "userDefined": true
      }
    ],
    "isTemplate": false,
    "count": 0,
    "updated": 1551475318
  },
  {
    "id": "20d56210-fd55-4260-8369-099ed8a91b3d",
    "data": [
      {
        "text": "Release the ",
        "userDefined": false
      },
      {
        "text": "hounds",
        "alias": "subject",
        "meta": "@sys.any",
        "userDefined": true
      }
    ],
    "isTemplate": false,
    "count": 0,
    "updated": 1551475318
  },
  {
    "id": "d745d1fa-657e-4f78-814e-65be86127fa7",
    "data": [
      {
        "text": "Free the ",
        "userDefined": false
      },
      {
        "text": "butterfly",
        "alias": "subject",
        "meta": "@sys.any",
        "userDefined": true
      }
    ],
    "isTemplate": false,
    "count": 0,
    "updated": 1551475318
  },
  {
    "id": "e61d2cd2-25ad-4c5e-8521-765dc2204bb3",
    "data": [
      {
        "text": "Untie the ",
        "userDefined": false
      },
      {
        "text": "rope",
        "alias": "subject",
        "meta": "@sys.any",
        "userDefined": true
      },
      {
        "text": " from the ",
        "userDefined": false
      },
      {
        "text": "hook",
        "alias": "object",
        "meta": "@sys.any",
        "userDefined": true
      }
    ],
    "isTemplate": false,
    "count": 0,
    "updated": 1551218631
  },
  {
    "id": "28d3ae47-02a5-4cb2-87ad-edebf36e40bf",
    "data": [
      {
        "text": "Undo the ",
        "userDefined": false
      },
      {
        "text": "knot",
        "alias": "subject",
        "meta": "@sys.any",
        "userDefined": true
      }
    ],
    "isTemplate": false,
    "count": 0,
    "updated": 1551218631
  },
  {
    "id": "a6a0b8e6-ce1b-4e7c-943e-b3c1db97a214",
    "data": [
      {
        "text": "Remove the ",
        "userDefined": false
      },
      {
        "text": "thorn",
        "alias": "subject",
        "meta": "@sys.any",
        "userDefined": true
      },
      {
        "text": " from the ",
        "userDefined": false
      },
      {
        "text": "lion",
        "alias": "object",
        "meta": "@sys.any",
        "userDefined": true
      }
    ],
    "isTemplate": false,
    "count": 0,
    "updated": 1551218631
  },
  {
    "id": "fa8a8959-7a1e-4432-a923-56ddedf2713e",
    "data": [
      {
        "text": "Untie the ",
        "userDefined": false
      },
      {
        "text": "ribbon",
        "alias": "subject",
        "meta": "@sys.any",
        "userDefined": true
      }
    ],
    "isTemplate": false,
    "count": 0,
    "updated": 1551218631
  }
]