[
  {
    "id": "d85ba849-30f7-4d57-b825-9f4e9368f096",
    "data": [
      {
        "text": "Use ",
        "userDefined": false
      },
      {
        "text": "scale",
        "meta": "@sys.any",
        "alias": "subject",
        "userDefined": true
      },
      {
        "text": " and ",
        "userDefined": false
      },
      {
        "text": "child",
        "meta": "@sys.any",
        "alias": "object",
        "userDefined": true
      }
    ],
    "isTemplate": false,
    "count": 0,
    "lang": "en",
    "updated": 0
  },
  {
    "id": "619bc346-168e-46c5-9d55-03b724eb4cef",
    "data": [
      {
        "text": "Stir the ",
        "userDefined": false
      },
      {
        "text": "pot",
        "meta": "@sys.any",
        "alias": "subject",
        "userDefined": true
      }
    ],
    "isTemplate": false,
    "count": 0,
    "lang": "en",
    "updated": 0
  },
  {
    "id": "3de4514f-e7bb-47ea-8db2-e226479f0daa",
    "data": [
      {
        "text": "Stir ",
        "userDefined": false
      },
      {
        "text": "pot",
        "meta": "@sys.any",
        "alias": "subject",
        "userDefined": true
      }
    ],
    "isTemplate": false,
    "count": 0,
    "lang": "en",
    "updated": 0
  },
  {
    "id": "c865610b-5386-4106-ba8b-90d67592190f",
    "data": [
      {
        "text": "Put",
        "meta": "@sys.any",
        "alias": "verb",
        "userDefined": true
      },
      {
        "text": " the ",
        "userDefined": false
      },
      {
        "text": "goblin",
        "meta": "@sys.any",
        "alias": "subject",
        "userDefined": true
      },
      {
        "text": " in the ",
        "userDefined": false
      },
      {
        "text": "fire",
        "meta": "@sys.any",
        "alias": "object",
        "userDefined": true
      }
    ],
    "isTemplate": false,
    "count": 0,
    "lang": "en",
    "updated": 0
  },
  {
    "id": "0fa49b79-3e44-442e-9341-c5a85cd0dc35",
    "data": [
      {
        "text": "kick over ",
        "userDefined": false
      },
      {
        "text": "pot",
        "meta": "@sys.any",
        "alias": "subject",
        "userDefined": true
      }
    ],
    "isTemplate": false,
    "count": 0,
    "lang": "en",
    "updated": 0
  },
  {
    "id": "6020c57d-3790-4ac9-b89d-46aa15512c2a",
    "data": [
      {
        "text": "Hang",
        "meta": "@sys.any",
        "alias": "verb",
        "userDefined": true
      },
      {
        "text": " the ",
        "userDefined": false
      },
      {
        "text": "bucket",
        "meta": "@sys.any",
        "alias": "subject",
        "userDefined": true
      },
      {
        "text": " from the ",
        "userDefined": false
      },
      {
        "text": "hook",
        "meta": "@sys.any",
        "alias": "object",
        "userDefined": true
      }
    ],
    "isTemplate": false,
    "count": 0,
    "lang": "en",
    "updated": 0
  },
  {
    "id": "09fef5d4-6e23-4522-b8be-dfc5d11312e9",
    "data": [
      {
        "text": "equip the ",
        "userDefined": false
      },
      {
        "text": "knife",
        "meta": "@sys.any",
        "alias": "subject",
        "userDefined": true
      }
    ],
    "isTemplate": false,
    "count": 0,
    "lang": "en",
    "updated": 0
  },
  {
    "id": "b3c281dc-e3b5-4d6a-bc9d-29f63a6e0b86",
    "data": [
      {
        "text": "I crank ",
        "userDefined": false
      },
      {
        "text": "it",
        "meta": "@sys.any",
        "alias": "subject",
        "userDefined": true
      }
    ],
    "isTemplate": false,
    "count": 0,
    "lang": "en",
    "updated": 0
  },
  {
    "id": "051eac15-fb5b-4954-ad7c-13a851739579",
    "data": [
      {
        "text": "Make a torch",
        "meta": "@sys.any",
        "alias": "purpose",
        "userDefined": true
      },
      {
        "text": " by wrapping the ",
        "userDefined": false
      },
      {
        "text": "cloth",
        "meta": "@sys.any",
        "alias": "subject",
        "userDefined": true
      },
      {
        "text": " around the ",
        "userDefined": false
      },
      {
        "text": "bone",
        "meta": "@sys.any",
        "alias": "object",
        "userDefined": true
      }
    ],
    "isTemplate": false,
    "count": 0,
    "lang": "en",
    "updated": 0
  },
  {
    "id": "dc163125-9506-4148-8495-fda49d1f122b",
    "data": [
      {
        "text": "Throw",
        "meta": "@sys.any",
        "alias": "verb",
        "userDefined": true
      },
      {
        "text": " my ",
        "userDefined": false
      },
      {
        "text": "rope",
        "meta": "@sys.any",
        "alias": "subject",
        "userDefined": true
      },
      {
        "text": " around a ",
        "userDefined": false
      },
      {
        "text": "tree",
        "meta": "@sys.any",
        "alias": "object",
        "userDefined": true
      }
    ],
    "isTemplate": false,
    "count": 0,
    "lang": "en",
    "updated": 0
  },
  {
    "id": "37c26005-c421-49f2-a704-8a58b96615ab",
    "data": [
      {
        "text": "Spin the ",
        "userDefined": false
      },
      {
        "text": "dial",
        "meta": "@sys.any",
        "alias": "subject",
        "userDefined": true
      }
    ],
    "isTemplate": false,
    "count": 0,
    "lang": "en",
    "updated": 0
  },
  {
    "id": "6382a589-91e4-4080-84b1-a7ebc295c0fe",
    "data": [
      {
        "text": "Heat",
        "meta": "@sys.any",
        "alias": "verb",
        "userDefined": true
      },
      {
        "text": " ",
        "userDefined": false
      },
      {
        "text": "it",
        "meta": "@sys.any",
        "alias": "subject",
        "userDefined": true
      },
      {
        "text": " with the ",
        "userDefined": false
      },
      {
        "text": "lighter",
        "meta": "@sys.any",
        "alias": "object",
        "userDefined": true
      }
    ],
    "isTemplate": false,
    "count": 0,
    "lang": "en",
    "updated": 0
  },
  {
    "id": "0b17c5ac-4dad-47b1-a8a3-8cb95c832143",
    "data": [
      {
        "text": "Pick ",
        "userDefined": false
      },
      {
        "text": "lock",
        "meta": "@sys.any",
        "alias": "subject",
        "userDefined": true
      }
    ],
    "isTemplate": false,
    "count": 0,
    "lang": "en",
    "updated": 0
  },
  {
    "id": "2d9dd5da-c47f-4472-857e-1bed8204d8d4",
    "data": [
      {
        "text": "Take out my ",
        "userDefined": false
      },
      {
        "text": "flashlight",
        "meta": "@sys.any",
        "alias": "subject",
        "userDefined": true
      }
    ],
    "isTemplate": false,
    "count": 0,
    "lang": "en",
    "updated": 0
  },
  {
    "id": "16a61758-5c11-4c56-bcee-b21e15cb333f",
    "data": [
      {
        "text": "Put",
        "meta": "@sys.any",
        "alias": "verb",
        "userDefined": true
      },
      {
        "text": " the ",
        "userDefined": false
      },
      {
        "text": "goblin",
        "meta": "@sys.any",
        "alias": "subject",
        "userDefined": true
      },
      {
        "text": " in ",
        "userDefined": false
      },
      {
        "text": "it",
        "meta": "@sys.any",
        "alias": "object",
        "userDefined": true
      }
    ],
    "isTemplate": false,
    "count": 0,
    "lang": "en",
    "updated": 0
  },
  {
    "id": "7ed0177d-b301-4f96-a9f3-1754c9fa643d",
    "data": [
      {
        "text": "equip ",
        "userDefined": false
      },
      {
        "text": "knife",
        "meta": "@sys.any",
        "alias": "subject",
        "userDefined": true
      }
    ],
    "isTemplate": false,
    "count": 0,
    "lang": "en",
    "updated": 0
  },
  {
    "id": "322ff74a-9c3b-4d49-9c9f-3bb79c9eeeab",
    "data": [
      {
        "text": "Use ",
        "userDefined": false
      },
      {
        "text": "it",
        "meta": "@sys.any",
        "alias": "subject",
        "userDefined": true
      },
      {
        "text": " in the ",
        "userDefined": false
      },
      {
        "text": "door",
        "meta": "@sys.any",
        "alias": "object",
        "userDefined": true
      }
    ],
    "isTemplate": false,
    "count": 0,
    "lang": "en",
    "updated": 0
  },
  {
    "id": "76e2dbf1-4cc1-4265-b399-fed49aca238f",
    "data": [
      {
        "text": "Hang",
        "meta": "@sys.any",
        "alias": "verb",
        "userDefined": true
      },
      {
        "text": " ",
        "userDefined": false
      },
      {
        "text": "it",
        "meta": "@sys.any",
        "alias": "subject",
        "userDefined": true
      },
      {
        "text": " from the ",
        "userDefined": false
      },
      {
        "text": "hook",
        "meta": "@sys.any",
        "alias": "object",
        "userDefined": true
      }
    ],
    "isTemplate": false,
    "count": 0,
    "lang": "en",
    "updated": 0
  },
  {
    "id": "07edf6f8-a37b-48a3-95bd-6c83dee6c12c",
    "data": [
      {
        "text": "Fill ",
        "userDefined": false
      },
      {
        "text": "bucket",
        "meta": "@sys.any",
        "alias": "subject",
        "userDefined": true
      }
    ],
    "isTemplate": false,
    "count": 0,
    "lang": "en",
    "updated": 0
  },
  {
    "id": "b4ec11f3-af50-4952-8637-4eb0b3a20f39",
    "data": [
      {
        "text": "Put",
        "meta": "@sys.any",
        "alias": "verb",
        "userDefined": true
      },
      {
        "text": " ",
        "userDefined": false
      },
      {
        "text": "goblin",
        "meta": "@sys.any",
        "alias": "subject",
        "userDefined": true
      },
      {
        "text": " in ",
        "userDefined": false
      },
      {
        "text": "fire",
        "meta": "@sys.any",
        "alias": "object",
        "userDefined": true
      }
    ],
    "isTemplate": false,
    "count": 0,
    "lang": "en",
    "updated": 0
  },
  {
    "id": "9cc85709-af42-4962-8d69-8fc431405580",
    "data": [
      {
        "text": "Try to ",
        "userDefined": false
      },
      {
        "text": "catch",
        "meta": "@sys.any",
        "alias": "verb",
        "userDefined": true
      },
      {
        "text": " ",
        "userDefined": false
      },
      {
        "text": "it",
        "meta": "@sys.any",
        "alias": "subject",
        "userDefined": true
      }
    ],
    "isTemplate": false,
    "count": 0,
    "lang": "en",
    "updated": 0
  },
  {
    "id": "ce8d0bf6-9519-4aee-9014-37fdb7ad0033",
    "data": [
      {
        "text": "Wake up the ",
        "userDefined": false
      },
      {
        "text": "giant",
        "meta": "@sys.any",
        "alias": "subject",
        "userDefined": true
      }
    ],
    "isTemplate": false,
    "count": 0,
    "lang": "en",
    "updated": 0
  },
  {
    "id": "3a18c96e-4667-42ab-a3c0-c3dcce7bc98d",
    "data": [
      {
        "text": "Throw",
        "meta": "@sys.any",
        "alias": "verb",
        "userDefined": true
      },
      {
        "text": " the ",
        "userDefined": false
      },
      {
        "text": "rope",
        "meta": "@sys.any",
        "alias": "subject",
        "userDefined": true
      },
      {
        "text": " around a ",
        "userDefined": false
      },
      {
        "text": "tree",
        "meta": "@sys.any",
        "alias": "object",
        "userDefined": true
      }
    ],
    "isTemplate": false,
    "count": 0,
    "lang": "en",
    "updated": 0
  },
  {
    "id": "98e20aac-87ec-4280-bf52-2c732835696d",
    "data": [
      {
        "text": "Put",
        "meta": "@sys.any",
        "alias": "verb",
        "userDefined": true
      },
      {
        "text": " ",
        "userDefined": false
      },
      {
        "text": "finger",
        "meta": "@sys.any",
        "alias": "subject",
        "userDefined": true
      },
      {
        "text": " in ",
        "userDefined": false
      },
      {
        "text": "cage",
        "meta": "@sys.any",
        "alias": "object",
        "userDefined": true
      }
    ],
    "isTemplate": false,
    "count": 0,
    "lang": "en",
    "updated": 0
  },
  {
    "id": "2348984c-fd00-461f-9d54-7928853716cb",
    "data": [
      {
        "text": "Pick the ",
        "userDefined": false
      },
      {
        "text": "lock",
        "meta": "@sys.any",
        "alias": "subject",
        "userDefined": true
      }
    ],
    "isTemplate": false,
    "count": 0,
    "lang": "en",
    "updated": 0
  },
  {
    "id": "1eb4eeea-f32c-435a-85d6-daa90f0ba358",
    "data": [
      {
        "text": "Use ",
        "userDefined": false
      },
      {
        "text": "key",
        "meta": "@sys.any",
        "alias": "subject",
        "userDefined": true
      },
      {
        "text": " in ",
        "userDefined": false
      },
      {
        "text": "door",
        "meta": "@sys.any",
        "alias": "object",
        "userDefined": true
      }
    ],
    "isTemplate": false,
    "count": 0,
    "lang": "en",
    "updated": 0
  },
  {
    "id": "0bfd81ba-4bc2-4388-b23a-fa01241aa7f8",
    "data": [
      {
        "text": "Ring ",
        "userDefined": false
      },
      {
        "text": "bell",
        "meta": "@sys.any",
        "alias": "subject",
        "userDefined": true
      }
    ],
    "isTemplate": false,
    "count": 0,
    "lang": "en",
    "updated": 0
  },
  {
    "id": "eb559442-a37f-497e-944a-003774556fe5",
    "data": [
      {
        "text": "Hang",
        "meta": "@sys.any",
        "alias": "verb",
        "userDefined": true
      },
      {
        "text": " the ",
        "userDefined": false
      },
      {
        "text": "bucket",
        "meta": "@sys.any",
        "alias": "subject",
        "userDefined": true
      },
      {
        "text": " from ",
        "userDefined": false
      },
      {
        "text": "it",
        "meta": "@sys.any",
        "alias": "object",
        "userDefined": true
      }
    ],
    "isTemplate": false,
    "count": 0,
    "lang": "en",
    "updated": 0
  },
  {
    "id": "5d927f2f-dae7-4ad2-ab4f-2a6ab9c3f189",
    "data": [
      {
        "text": "kick over the ",
        "userDefined": false
      },
      {
        "text": "pot",
        "meta": "@sys.any",
        "alias": "subject",
        "userDefined": true
      }
    ],
    "isTemplate": false,
    "count": 0,
    "lang": "en",
    "updated": 0
  },
  {
    "id": "82b64771-5b23-428b-8d6c-97949dbe3f37",
    "data": [
      {
        "text": "Try to ",
        "userDefined": false
      },
      {
        "text": "catch",
        "meta": "@sys.any",
        "alias": "verb",
        "userDefined": true
      },
      {
        "text": " a ",
        "userDefined": false
      },
      {
        "text": "goblin",
        "meta": "@sys.any",
        "alias": "subject",
        "userDefined": true
      }
    ],
    "isTemplate": false,
    "count": 0,
    "lang": "en",
    "updated": 0
  },
  {
    "id": "83111965-f8c7-4ceb-b401-5b943c31f4fc",
    "data": [
      {
        "text": "Strip the ",
        "userDefined": false
      },
      {
        "text": "giant",
        "meta": "@sys.any",
        "alias": "subject",
        "userDefined": true
      }
    ],
    "isTemplate": false,
    "count": 0,
    "lang": "en",
    "updated": 0
  },
  {
    "id": "637060c2-22e3-4913-81f6-af863b525df7",
    "data": [
      {
        "text": "Use ",
        "userDefined": false
      },
      {
        "text": "glowing dust",
        "meta": "@sys.any",
        "alias": "subject",
        "userDefined": true
      },
      {
        "text": " on ",
        "userDefined": false
      },
      {
        "text": "creature",
        "meta": "@sys.any",
        "alias": "object",
        "userDefined": true
      }
    ],
    "isTemplate": false,
    "count": 0,
    "lang": "en",
    "updated": 0
  },
  {
    "id": "f20d1907-d886-4d16-8ea0-bd5128f1ec00",
    "data": [
      {
        "text": "Ring the ",
        "userDefined": false
      },
      {
        "text": "bell",
        "meta": "@sys.any",
        "alias": "subject",
        "userDefined": true
      }
    ],
    "isTemplate": false,
    "count": 0,
    "lang": "en",
    "updated": 0
  },
  {
    "id": "92f30b74-e111-4bd6-a466-1c8f0a9962c5",
    "data": [
      {
        "text": "Place",
        "meta": "@sys.any",
        "alias": "verb",
        "userDefined": true
      },
      {
        "text": " my ",
        "userDefined": false
      },
      {
        "text": "hand",
        "meta": "@sys.any",
        "alias": "subject",
        "userDefined": true
      },
      {
        "text": " on the ",
        "userDefined": false
      },
      {
        "text": "stove",
        "meta": "@sys.any",
        "alias": "object",
        "userDefined": true
      }
    ],
    "isTemplate": false,
    "count": 0,
    "lang": "en",
    "updated": 0
  },
  {
    "id": "ed97ca00-22a5-4cc3-a705-53ddc1ae5870",
    "data": [
      {
        "text": "Use the ",
        "userDefined": false
      },
      {
        "text": "key",
        "meta": "@sys.any",
        "alias": "subject",
        "userDefined": true
      },
      {
        "text": " in the ",
        "userDefined": false
      },
      {
        "text": "door",
        "meta": "@sys.any",
        "alias": "object",
        "userDefined": true
      }
    ],
    "isTemplate": false,
    "count": 0,
    "lang": "en",
    "updated": 0
  },
  {
    "id": "764a282a-4a6e-4955-bef4-ae556bf55e8e",
    "data": [
      {
        "text": "Hang",
        "meta": "@sys.any",
        "alias": "verb",
        "userDefined": true
      },
      {
        "text": " the ",
        "userDefined": false
      },
      {
        "text": "bucket",
        "meta": "@sys.any",
        "alias": "subject",
        "userDefined": true
      },
      {
        "text": " on ",
        "userDefined": false
      },
      {
        "text": "it",
        "meta": "@sys.any",
        "alias": "object",
        "userDefined": true
      }
    ],
    "isTemplate": false,
    "count": 0,
    "lang": "en",
    "updated": 0
  },
  {
    "id": "761e9de9-bf39-43bb-8e43-0dd04c15215d",
    "data": [
      {
        "text": "Dig in the ",
        "userDefined": false
      },
      {
        "text": "dirt",
        "meta": "@sys.any",
        "alias": "subject",
        "userDefined": true
      }
    ],
    "isTemplate": false,
    "count": 0,
    "lang": "en",
    "updated": 0
  },
  {
    "id": "7ee61ec8-8574-4529-9fce-cb4b0aba3c01",
    "data": [
      {
        "text": "Put",
        "meta": "@sys.any",
        "alias": "verb",
        "userDefined": true
      },
      {
        "text": " ",
        "userDefined": false
      },
      {
        "text": "it",
        "meta": "@sys.any",
        "alias": "subject",
        "userDefined": true
      },
      {
        "text": " in the ",
        "userDefined": false
      },
      {
        "text": "fire",
        "meta": "@sys.any",
        "alias": "object",
        "userDefined": true
      }
    ],
    "isTemplate": false,
    "count": 0,
    "lang": "en",
    "updated": 0
  },
  {
    "id": "fa2beeea-80ad-45bb-9539-a39d41d90312",
    "data": [
      {
        "text": "Crank the ",
        "userDefined": false
      },
      {
        "text": "crankshaft",
        "meta": "@sys.any",
        "alias": "subject",
        "userDefined": true
      }
    ],
    "isTemplate": false,
    "count": 0,
    "lang": "en",
    "updated": 0
  },
  {
    "id": "adb10a64-2206-4db7-8de3-ae4d646db799",
    "data": [
      {
        "text": "Pull the ",
        "userDefined": false
      },
      {
        "text": "lever",
        "meta": "@sys.any",
        "alias": "subject",
        "userDefined": true
      }
    ],
    "isTemplate": false,
    "count": 0,
    "lang": "en",
    "updated": 0
  },
  {
    "id": "a516f190-9d50-4843-9507-e223f9036f5a",
    "data": [
      {
        "text": "Pull on the ",
        "userDefined": false
      },
      {
        "text": "lever",
        "meta": "@sys.any",
        "alias": "subject",
        "userDefined": true
      }
    ],
    "isTemplate": false,
    "count": 0,
    "lang": "en",
    "updated": 0
  },
  {
    "id": "61d98844-6e9f-4cc6-ad03-d2fa45cf8ca7",
    "data": [
      {
        "text": "kick the pot ",
        "userDefined": false
      },
      {
        "text": "over",
        "meta": "@sys.any",
        "alias": "subject",
        "userDefined": true
      }
    ],
    "isTemplate": false,
    "count": 0,
    "lang": "en",
    "updated": 0
  },
  {
    "id": "4fe9c479-80cc-4bd2-9d03-d6481fdf6e30",
    "data": [
      {
        "text": "Hang",
        "meta": "@sys.any",
        "alias": "verb",
        "userDefined": true
      },
      {
        "text": " ",
        "userDefined": false
      },
      {
        "text": "bucket",
        "meta": "@sys.any",
        "alias": "subject",
        "userDefined": true
      },
      {
        "text": " from ",
        "userDefined": false
      },
      {
        "text": "hook",
        "meta": "@sys.any",
        "alias": "object",
        "userDefined": true
      }
    ],
    "isTemplate": false,
    "count": 0,
    "lang": "en",
    "updated": 0
  },
  {
    "id": "307107f8-66cf-4763-ada6-0ca16a537e4d",
    "data": [
      {
        "text": "Fill the ",
        "userDefined": false
      },
      {
        "text": "bucket",
        "meta": "@sys.any",
        "alias": "subject",
        "userDefined": true
      }
    ],
    "isTemplate": false,
    "count": 0,
    "lang": "en",
    "updated": 0
  },
  {
    "id": "babb886f-b758-4386-8192-7adc2f865a8e",
    "data": [
      {
        "text": "Crank ",
        "userDefined": false
      },
      {
        "text": "it",
        "meta": "@sys.any",
        "alias": "subject",
        "userDefined": true
      }
    ],
    "isTemplate": false,
    "count": 0,
    "lang": "en",
    "updated": 0
  },
  {
    "id": "a684a836-fc04-426e-853d-19911a657a0e",
    "data": [
      {
        "text": "Hang",
        "meta": "@sys.any",
        "alias": "verb",
        "userDefined": true
      },
      {
        "text": " ",
        "userDefined": false
      },
      {
        "text": "bucket",
        "meta": "@sys.any",
        "alias": "subject",
        "userDefined": true
      },
      {
        "text": " on ",
        "userDefined": false
      },
      {
        "text": "hook",
        "meta": "@sys.any",
        "alias": "object",
        "userDefined": true
      }
    ],
    "isTemplate": false,
    "count": 0,
    "lang": "en",
    "updated": 0
  },
  {
    "id": "2a83f1be-6eff-4fe1-b3cb-b64098eb16b5",
    "data": [
      {
        "text": "Mix ",
        "userDefined": false
      },
      {
        "text": "soy",
        "meta": "@sys.any",
        "alias": "subject",
        "userDefined": true
      },
      {
        "text": " with ",
        "userDefined": false
      },
      {
        "text": "wasabi",
        "meta": "@sys.any",
        "alias": "object",
        "userDefined": true
      }
    ],
    "isTemplate": false,
    "count": 0,
    "lang": "en",
    "updated": 0
  },
  {
    "id": "687b5a83-d43d-4b9d-9d12-915164414e47",
    "data": [
      {
        "text": "Hug the ",
        "userDefined": false
      },
      {
        "text": "tree",
        "meta": "@sys.any",
        "alias": "subject",
        "userDefined": true
      }
    ],
    "isTemplate": false,
    "count": 0,
    "lang": "en",
    "updated": 0
  },
  {
    "id": "78ec89d0-68e8-4e3d-a9ce-d4fb5b76648f",
    "data": [
      {
        "text": "Take out the ",
        "userDefined": false
      },
      {
        "text": "flashlight",
        "meta": "@sys.any",
        "alias": "subject",
        "userDefined": true
      }
    ],
    "isTemplate": false,
    "count": 0,
    "lang": "en",
    "updated": 0
  },
  {
    "id": "ed8f82bc-2925-4ed5-a17a-35c401b02967",
    "data": [
      {
        "text": "Hang",
        "meta": "@sys.any",
        "alias": "verb",
        "userDefined": true
      },
      {
        "text": " the ",
        "userDefined": false
      },
      {
        "text": "bucket",
        "meta": "@sys.any",
        "alias": "subject",
        "userDefined": true
      },
      {
        "text": " on the ",
        "userDefined": false
      },
      {
        "text": "hook",
        "meta": "@sys.any",
        "alias": "object",
        "userDefined": true
      }
    ],
    "isTemplate": false,
    "count": 0,
    "lang": "en",
    "updated": 0
  },
  {
    "id": "30b9c456-fb34-4d00-9833-6c628a8f8c30",
    "data": [
      {
        "text": "Heat",
        "meta": "@sys.any",
        "alias": "verb",
        "userDefined": true
      },
      {
        "text": " ",
        "userDefined": false
      },
      {
        "text": "it",
        "meta": "@sys.any",
        "alias": "subject",
        "userDefined": true
      },
      {
        "text": " with my ",
        "userDefined": false
      },
      {
        "text": "lighter",
        "meta": "@sys.any",
        "alias": "object",
        "userDefined": true
      }
    ],
    "isTemplate": false,
    "count": 0,
    "lang": "en",
    "updated": 0
  },
  {
    "id": "bc08b977-1518-4f44-8014-f00eef2f4f86",
    "data": [
      {
        "text": "Fit",
        "meta": "@sys.any",
        "alias": "verb",
        "userDefined": true
      },
      {
        "text": " the ",
        "userDefined": false
      },
      {
        "text": "scale",
        "meta": "@sys.any",
        "alias": "subject",
        "userDefined": true
      },
      {
        "text": " into the ",
        "userDefined": false
      },
      {
        "text": "crack",
        "meta": "@sys.any",
        "alias": "object",
        "userDefined": true
      }
    ],
    "isTemplate": false,
    "count": 0,
    "lang": "en",
    "updated": 0
  },
  {
    "id": "7babca91-6210-4413-afa8-f6c134c26d70",
    "data": [
      {
        "text": "Fit",
        "meta": "@sys.any",
        "alias": "verb",
        "userDefined": true
      },
      {
        "text": " ",
        "userDefined": false
      },
      {
        "text": "scale",
        "meta": "@sys.any",
        "alias": "subject",
        "userDefined": true
      },
      {
        "text": " into ",
        "userDefined": false
      },
      {
        "text": "cracks",
        "meta": "@sys.any",
        "alias": "object",
        "userDefined": true
      }
    ],
    "isTemplate": false,
    "count": 0,
    "lang": "en",
    "updated": 0
  },
  {
    "id": "65bc2df0-24d1-42d8-8718-55bc67019b28",
    "data": [
      {
        "text": "Strip ",
        "userDefined": false
      },
      {
        "text": "giant",
        "meta": "@sys.any",
        "alias": "subject",
        "userDefined": true
      }
    ],
    "isTemplate": false,
    "count": 0,
    "lang": "en",
    "updated": 0
  },
  {
    "id": "b006db4c-0ff9-4968-83bc-67af5e37b967",
    "data": [
      {
        "text": "Hang",
        "meta": "@sys.any",
        "alias": "verb",
        "userDefined": true
      },
      {
        "text": " ",
        "userDefined": false
      },
      {
        "text": "it",
        "meta": "@sys.any",
        "alias": "subject",
        "userDefined": true
      },
      {
        "text": " on the ",
        "userDefined": false
      },
      {
        "text": "hook",
        "meta": "@sys.any",
        "alias": "object",
        "userDefined": true
      }
    ],
    "isTemplate": false,
    "count": 0,
    "lang": "en",
    "updated": 0
  },
  {
    "id": "5cf74792-317f-4cb0-8c12-01283cc56698",
    "data": [
      {
        "text": "I crank the ",
        "userDefined": false
      },
      {
        "text": "crankshaft",
        "meta": "@sys.any",
        "alias": "subject",
        "userDefined": true
      }
    ],
    "isTemplate": false,
    "count": 0,
    "lang": "en",
    "updated": 0
  },
  {
    "id": "87ec8ed2-d371-4741-9ac9-7b315d6f4069",
    "data": [
      {
        "text": "Pull ",
        "userDefined": false
      },
      {
        "text": "lever",
        "meta": "@sys.any",
        "alias": "subject",
        "userDefined": true
      }
    ],
    "isTemplate": false,
    "count": 1,
    "lang": "en",
    "updated": 0
  },
  {
    "id": "e0e873b6-b08c-4870-8071-e58f84b9e4a8",
    "data": [
      {
        "text": "Heat",
        "meta": "@sys.any",
        "alias": "verb",
        "userDefined": true
      },
      {
        "text": " ",
        "userDefined": false
      },
      {
        "text": "paste",
        "meta": "@sys.any",
        "alias": "subject",
        "userDefined": true
      },
      {
        "text": " with ",
        "userDefined": false
      },
      {
        "text": "lighter",
        "meta": "@sys.any",
        "alias": "object",
        "userDefined": true
      }
    ],
    "isTemplate": false,
    "count": 0,
    "lang": "en",
    "updated": 0
  },
  {
    "id": "b2d0e738-9bef-4a4c-bd7d-ed919957dd27",
    "data": [
      {
        "text": "Heat",
        "meta": "@sys.any",
        "alias": "verb",
        "userDefined": true
      },
      {
        "text": " the ",
        "userDefined": false
      },
      {
        "text": "paste",
        "meta": "@sys.any",
        "alias": "subject",
        "userDefined": true
      },
      {
        "text": " with my ",
        "userDefined": false
      },
      {
        "text": "lighter",
        "meta": "@sys.any",
        "alias": "object",
        "userDefined": true
      }
    ],
    "isTemplate": false,
    "count": 0,
    "lang": "en",
    "updated": 0
  },
  {
    "id": "fc8feefd-a130-4cd8-9f5e-27ce4fe9b197",
    "data": [
      {
        "text": "Make a torch",
        "meta": "@sys.any",
        "alias": "purpose",
        "userDefined": true
      },
      {
        "text": " with the ",
        "userDefined": false
      },
      {
        "text": "bone",
        "meta": "@sys.any",
        "alias": "subject",
        "userDefined": true
      },
      {
        "text": " and the ",
        "userDefined": false
      },
      {
        "text": "cloth",
        "meta": "@sys.any",
        "alias": "object",
        "userDefined": true
      }
    ],
    "isTemplate": false,
    "count": 0,
    "lang": "en",
    "updated": 0
  },
  {
    "id": "b28bdeb6-3f7f-476b-82a1-9147bcfaec33",
    "data": [
      {
        "text": "Heat",
        "meta": "@sys.any",
        "alias": "verb",
        "userDefined": true
      },
      {
        "text": " the ",
        "userDefined": false
      },
      {
        "text": "paste",
        "meta": "@sys.any",
        "alias": "subject",
        "userDefined": true
      },
      {
        "text": " with the ",
        "userDefined": false
      },
      {
        "text": "lighter",
        "meta": "@sys.any",
        "alias": "object",
        "userDefined": true
      }
    ],
    "isTemplate": false,
    "count": 0,
    "lang": "en",
    "updated": 0
  },
  {
    "id": "0d8eee2d-262b-41ab-9001-d9f136c3f46f",
    "data": [
      {
        "text": "Start the ",
        "userDefined": false
      },
      {
        "text": "fire",
        "meta": "@sys.any",
        "alias": "subject",
        "userDefined": true
      }
    ],
    "isTemplate": false,
    "count": 0,
    "lang": "en",
    "updated": 0
  },
  {
    "id": "46caee66-8199-4fa6-a8dc-78f3759bb1a4",
    "data": [
      {
        "text": "Wake the ",
        "userDefined": false
      },
      {
        "text": "giant",
        "meta": "@sys.any",
        "alias": "subject",
        "userDefined": true
      },
      {
        "text": " up",
        "userDefined": false
      }
    ],
    "isTemplate": false,
    "count": 0,
    "lang": "en",
    "updated": 0
  },
  {
    "id": "3f26a670-1ea8-40e8-accd-6b772f0fcc69",
    "data": [
      {
        "text": "Mix ",
        "userDefined": false
      },
      {
        "text": "chocolate",
        "meta": "@sys.any",
        "alias": "subject",
        "userDefined": true
      },
      {
        "text": " with ",
        "userDefined": false
      },
      {
        "text": "peanut butter",
        "meta": "@sys.any",
        "alias": "object",
        "userDefined": true
      }
    ],
    "isTemplate": false,
    "count": 0,
    "lang": "en",
    "updated": 0
  },
  {
    "id": "b1701eeb-0019-48c5-bb7f-0db35459b01c",
    "data": [
      {
        "text": "Wake the ",
        "userDefined": false
      },
      {
        "text": "giant",
        "meta": "@sys.any",
        "alias": "subject",
        "userDefined": true
      }
    ],
    "isTemplate": false,
    "count": 0,
    "lang": "en",
    "updated": 0
  },
  {
    "id": "62a54993-41f7-422a-99d2-77adb9623e29",
    "data": [
      {
        "text": "Pull up the ",
        "userDefined": false
      },
      {
        "text": "rope",
        "meta": "@sys.any",
        "alias": "subject",
        "userDefined": true
      }
    ],
    "isTemplate": false,
    "count": 0,
    "lang": "en",
    "updated": 0
  },
  {
    "id": "37f7fdfe-ba72-4f6b-8851-cda34e67267a",
    "data": [
      {
        "text": "Spin ",
        "userDefined": false
      },
      {
        "text": "dial",
        "meta": "@sys.any",
        "alias": "subject",
        "userDefined": true
      }
    ],
    "isTemplate": false,
    "count": 0,
    "lang": "en",
    "updated": 0
  },
  {
    "id": "8ee237b0-6ae0-4683-b0f1-01274a98ef68",
    "data": [
      {
        "text": "Grind ",
        "userDefined": false
      },
      {
        "text": "herbs",
        "meta": "@sys.any",
        "alias": "subject",
        "userDefined": true
      },
      {
        "text": " into a paste",
        "userDefined": false
      }
    ],
    "isTemplate": false,
    "count": 0,
    "lang": "en",
    "updated": 0
  },
  {
    "id": "34b71f13-f8d8-4ebf-8c8f-2b2f0a72a099",
    "data": [
      {
        "text": "Grind",
        "meta": "@sys.any",
        "alias": "verb",
        "userDefined": true
      },
      {
        "text": " the ",
        "userDefined": false
      },
      {
        "text": "ginger",
        "meta": "@sys.any",
        "alias": "subject",
        "userDefined": true
      },
      {
        "text": " in the ",
        "userDefined": false
      },
      {
        "text": "mortar",
        "meta": "@sys.any",
        "alias": "object",
        "userDefined": true
      }
    ],
    "isTemplate": false,
    "count": 0,
    "lang": "en",
    "updated": 0
  },
  {
    "id": "7632fc45-c0c5-4b3d-bfb8-c7be7ce410b6",
    "data": [
      {
        "text": "Throw",
        "meta": "@sys.any",
        "alias": "verb",
        "userDefined": true
      },
      {
        "text": " the ",
        "userDefined": false
      },
      {
        "text": "dart",
        "meta": "@sys.any",
        "alias": "subject",
        "userDefined": true
      },
      {
        "text": " at the ",
        "userDefined": false
      },
      {
        "text": "dartboard",
        "meta": "@sys.any",
        "alias": "object",
        "userDefined": true
      }
    ],
    "isTemplate": false,
    "count": 1,
    "lang": "en",
    "updated": 0
  },
  {
    "id": "08e05e0d-7e14-49f9-9c70-3d39839f649b",
    "data": [
      {
        "text": "Grind",
        "meta": "@sys.any",
        "alias": "verb",
        "userDefined": true
      },
      {
        "text": " ",
        "userDefined": false
      },
      {
        "text": "ginger",
        "meta": "@sys.any",
        "alias": "subject",
        "userDefined": true
      },
      {
        "text": " with ",
        "userDefined": false
      },
      {
        "text": "mortar",
        "meta": "@sys.any",
        "alias": "object",
        "userDefined": true
      }
    ],
    "isTemplate": false,
    "count": 0,
    "lang": "en",
    "updated": 0
  },
  {
    "id": "a8d50b18-16fb-46e2-850b-83f6a3c396f8",
    "data": [
      {
        "text": "Touch the ",
        "userDefined": false
      },
      {
        "text": "monkey",
        "meta": "@sys.any",
        "alias": "subject",
        "userDefined": true
      }
    ],
    "isTemplate": false,
    "count": 0,
    "lang": "en",
    "updated": 0
  },
  {
    "id": "ee49f04a-9f7b-4390-a51a-69c19cfa31c8",
    "data": [
      {
        "text": "Use the ",
        "userDefined": false
      },
      {
        "text": "spoon",
        "meta": "@sys.any",
        "alias": "subject",
        "userDefined": true
      },
      {
        "text": " to ",
        "userDefined": false
      },
      {
        "text": "mix",
        "meta": "@sys.any",
        "alias": "verb",
        "userDefined": true
      },
      {
        "text": " the ",
        "userDefined": false
      },
      {
        "text": "drink",
        "meta": "@sys.any",
        "alias": "object",
        "userDefined": true
      }
    ],
    "isTemplate": false,
    "count": 0,
    "lang": "en",
    "updated": 0
  },
  {
    "id": "5d1a1a8a-150d-4432-97b2-062b69ea756e",
    "data": [
      {
        "text": "Lay the ",
        "userDefined": false
      },
      {
        "text": "tablecloth",
        "meta": "@sys.any",
        "alias": "subject",
        "userDefined": true
      },
      {
        "text": " on the ",
        "userDefined": false
      },
      {
        "text": "table",
        "meta": "@sys.any",
        "alias": "object",
        "userDefined": true
      }
    ],
    "isTemplate": false,
    "count": 0,
    "lang": "en",
    "updated": 0
  },
  {
    "id": "d0efd777-c11d-4846-ad5b-3a79b1fa3974",
    "data": [
      {
        "text": "Use ",
        "userDefined": false
      },
      {
        "text": "lotion",
        "meta": "@sys.any",
        "alias": "subject",
        "userDefined": true
      },
      {
        "text": " on ",
        "userDefined": false
      },
      {
        "text": "skin",
        "meta": "@sys.any",
        "alias": "object",
        "userDefined": true
      }
    ],
    "isTemplate": false,
    "count": 0,
    "lang": "en",
    "updated": 0
  },
  {
    "id": "1ba88f43-27ed-485e-a696-eda4b9842008",
    "data": [
      {
        "text": "Mix the ",
        "userDefined": false
      },
      {
        "text": "chocolate",
        "meta": "@sys.any",
        "alias": "subject",
        "userDefined": true
      },
      {
        "text": " and ",
        "userDefined": false
      },
      {
        "text": "milk",
        "meta": "@sys.any",
        "alias": "object",
        "userDefined": true
      }
    ],
    "isTemplate": false,
    "count": 0,
    "lang": "en",
    "updated": 0
  },
  {
    "id": "36130a0b-2478-44c7-903d-b5cd2be706bd",
    "data": [
      {
        "text": "Climb the ",
        "userDefined": false
      },
      {
        "text": "tree",
        "meta": "@sys.any",
        "alias": "subject",
        "userDefined": true
      },
      {
        "text": " with the ",
        "userDefined": false
      },
      {
        "text": "ladder",
        "meta": "@sys.any",
        "alias": "object",
        "userDefined": true
      }
    ],
    "isTemplate": false,
    "count": 0,
    "lang": "en",
    "updated": 0
  },
  {
    "id": "13a7fa22-5dc3-4149-8788-51a2a82cc042",
    "data": [
      {
        "text": "Climb down ",
        "userDefined": false
      },
      {
        "text": "rope",
        "meta": "@sys.any",
        "alias": "subject",
        "userDefined": true
      }
    ],
    "isTemplate": false,
    "count": 0,
    "lang": "en",
    "updated": 0
  },
  {
    "id": "51a98bdb-2157-4aa0-9255-ac4368ae99f4",
    "data": [
      {
        "text": "Put",
        "meta": "@sys.any",
        "alias": "verb",
        "userDefined": true
      },
      {
        "text": " the ",
        "userDefined": false
      },
      {
        "text": "key",
        "meta": "@sys.any",
        "alias": "subject",
        "userDefined": true
      },
      {
        "text": " in the ",
        "userDefined": false
      },
      {
        "text": "lock",
        "meta": "@sys.any",
        "alias": "object",
        "userDefined": true
      }
    ],
    "isTemplate": false,
    "count": 1,
    "lang": "en",
    "updated": 0
  },
  {
    "id": "cd83fe74-95b4-44bc-8e40-e0227f686d2f",
    "data": [
      {
        "text": "Put",
        "meta": "@sys.any",
        "alias": "verb",
        "userDefined": true
      },
      {
        "text": " the ",
        "userDefined": false
      },
      {
        "text": "plug",
        "meta": "@sys.any",
        "alias": "subject",
        "userDefined": true
      },
      {
        "text": " into ",
        "userDefined": false
      },
      {
        "text": "socket",
        "meta": "@sys.any",
        "alias": "object",
        "userDefined": true
      }
    ],
    "isTemplate": false,
    "count": 0,
    "lang": "en",
    "updated": 0
  },
  {
    "id": "794415d0-64ad-424b-a042-0db7b8e5592d",
    "data": [
      {
        "text": "Turn ",
        "userDefined": false
      },
      {
        "text": "wheel",
        "meta": "@sys.any",
        "alias": "subject",
        "userDefined": true
      }
    ],
    "isTemplate": false,
    "count": 0,
    "lang": "en",
    "updated": 0
  },
  {
    "id": "69964f59-b76a-4b65-a081-ed592215c250",
    "data": [
      {
        "text": "Touch ",
        "userDefined": false
      },
      {
        "text": "monkey",
        "meta": "@sys.any",
        "alias": "subject",
        "userDefined": true
      }
    ],
    "isTemplate": false,
    "count": 0,
    "lang": "en",
    "updated": 0
  },
  {
    "id": "e18495af-0d04-4a7e-94c7-bf88f7a43735",
    "data": [
      {
        "text": "Mix the ",
        "userDefined": false
      },
      {
        "text": "chocolate",
        "meta": "@sys.any",
        "alias": "subject",
        "userDefined": true
      },
      {
        "text": " with the ",
        "userDefined": false
      },
      {
        "text": "milk",
        "meta": "@sys.any",
        "alias": "object",
        "userDefined": true
      }
    ],
    "isTemplate": false,
    "count": 0,
    "lang": "en",
    "updated": 0
  },
  {
    "id": "bbba7c0b-d10c-43aa-b558-d931b5018629",
    "data": [
      {
        "text": "Lay ",
        "userDefined": false
      },
      {
        "text": "rug",
        "meta": "@sys.any",
        "alias": "subject",
        "userDefined": true
      },
      {
        "text": " on ",
        "userDefined": false
      },
      {
        "text": "floor",
        "meta": "@sys.any",
        "alias": "object",
        "userDefined": true
      }
    ],
    "isTemplate": false,
    "count": 0,
    "lang": "en",
    "updated": 0
  },
  {
    "id": "a87ca614-16ea-4a62-9f4b-0ec095429501",
    "data": [
      {
        "text": "Use a ",
        "userDefined": false
      },
      {
        "text": "trap",
        "meta": "@sys.any",
        "alias": "subject",
        "userDefined": true
      },
      {
        "text": " to ",
        "userDefined": false
      },
      {
        "text": "catch",
        "meta": "@sys.any",
        "alias": "verb",
        "userDefined": true
      },
      {
        "text": " the ",
        "userDefined": false
      },
      {
        "text": "mouse",
        "meta": "@sys.any",
        "alias": "object",
        "userDefined": true
      }
    ],
    "isTemplate": false,
    "count": 0,
    "lang": "en",
    "updated": 0
  },
  {
    "id": "6ed41fec-03b7-411d-a352-2cb1b89dd4c3",
    "data": [
      {
        "text": "Use ",
        "userDefined": false
      },
      {
        "text": "knife",
        "meta": "@sys.any",
        "alias": "subject",
        "userDefined": true
      },
      {
        "text": " to ",
        "userDefined": false
      },
      {
        "text": "cut",
        "meta": "@sys.any",
        "alias": "verb",
        "userDefined": true
      },
      {
        "text": " ",
        "userDefined": false
      },
      {
        "text": "rope",
        "meta": "@sys.any",
        "alias": "object",
        "userDefined": true
      }
    ],
    "isTemplate": false,
    "count": 0,
    "lang": "en",
    "updated": 0
  },
  {
    "id": "7c2d8412-39b7-4f63-b47d-84671dcf3631",
    "data": [
      {
        "text": "Grind the ",
        "userDefined": false
      },
      {
        "text": "herbs",
        "meta": "@sys.any",
        "alias": "subject",
        "userDefined": true
      }
    ],
    "isTemplate": false,
    "count": 0,
    "lang": "en",
    "updated": 0
  },
  {
    "id": "267df2d9-233c-4fae-bc25-ff9aa194f0b7",
    "data": [
      {
        "text": "Grind",
        "meta": "@sys.any",
        "alias": "verb",
        "userDefined": true
      },
      {
        "text": " the ",
        "userDefined": false
      },
      {
        "text": "ginger",
        "meta": "@sys.any",
        "alias": "subject",
        "userDefined": true
      },
      {
        "text": " in ",
        "userDefined": false
      },
      {
        "text": "mortar",
        "meta": "@sys.any",
        "alias": "object",
        "userDefined": true
      }
    ],
    "isTemplate": false,
    "count": 0,
    "lang": "en",
    "updated": 0
  },
  {
    "id": "d30401de-0b83-4add-b30b-7e3fb7974f16",
    "data": [
      {
        "text": "Add the ",
        "userDefined": false
      },
      {
        "text": "butter",
        "meta": "@sys.any",
        "alias": "subject",
        "userDefined": true
      },
      {
        "text": " to the ",
        "userDefined": false
      },
      {
        "text": "flour",
        "meta": "@sys.any",
        "alias": "object",
        "userDefined": true
      }
    ],
    "isTemplate": false,
    "count": 0,
    "lang": "en",
    "updated": 0
  },
  {
    "id": "79851afb-5a5f-4530-b545-b9248d32c6f6",
    "data": [
      {
        "text": "Mix ",
        "userDefined": false
      },
      {
        "text": "chocolate",
        "meta": "@sys.any",
        "alias": "subject",
        "userDefined": true
      },
      {
        "text": " and the ",
        "userDefined": false
      },
      {
        "text": "milk",
        "meta": "@sys.any",
        "alias": "object",
        "userDefined": true
      }
    ],
    "isTemplate": false,
    "count": 0,
    "lang": "en",
    "updated": 0
  },
  {
    "id": "5c2e9686-54ed-4ab2-86ba-989c7906a257",
    "data": [
      {
        "text": "Throw ",
        "userDefined": false
      },
      {
        "text": "blanket",
        "meta": "@sys.any",
        "alias": "subject",
        "userDefined": true
      },
      {
        "text": " over ",
        "userDefined": false
      },
      {
        "text": "fire",
        "meta": "@sys.any",
        "alias": "object",
        "userDefined": true
      }
    ],
    "isTemplate": false,
    "count": 0,
    "lang": "en",
    "updated": 0
  },
  {
    "id": "2d257c7a-a0da-4dad-8c52-804350ffbed6",
    "data": [
      {
        "text": "Climb ",
        "userDefined": false
      },
      {
        "text": "ladder",
        "meta": "@sys.any",
        "alias": "subject",
        "userDefined": true
      }
    ],
    "isTemplate": false,
    "count": 0,
    "lang": "en",
    "updated": 0
  },
  {
    "id": "1b352e5c-1d51-4660-8ada-e3801ff27075",
    "data": [
      {
        "text": "Combine the ",
        "userDefined": false
      },
      {
        "text": "rye",
        "meta": "@sys.any",
        "alias": "subject",
        "userDefined": true
      },
      {
        "text": " and ",
        "userDefined": false
      },
      {
        "text": "vermouth",
        "meta": "@sys.any",
        "alias": "object",
        "userDefined": true
      }
    ],
    "isTemplate": false,
    "count": 0,
    "lang": "en",
    "updated": 0
  },
  {
    "id": "6ef387ea-43be-4399-92ac-8b4bc30c00ca",
    "data": [
      {
        "text": "Add ",
        "userDefined": false
      },
      {
        "text": "peanut butter",
        "meta": "@sys.any",
        "alias": "subject",
        "userDefined": true
      },
      {
        "text": " to the ",
        "userDefined": false
      },
      {
        "text": "chocolate",
        "meta": "@sys.any",
        "alias": "object",
        "userDefined": true
      }
    ],
    "isTemplate": false,
    "count": 0,
    "lang": "en",
    "updated": 0
  },
  {
    "id": "376d291f-86c8-4540-a0cf-5de9ab060930",
    "data": [
      {
        "text": "Lay ",
        "userDefined": false
      },
      {
        "text": "trap",
        "meta": "@sys.any",
        "alias": "subject",
        "userDefined": true
      },
      {
        "text": " on the ",
        "userDefined": false
      },
      {
        "text": "ground",
        "meta": "@sys.any",
        "alias": "object",
        "userDefined": true
      }
    ],
    "isTemplate": false,
    "count": 0,
    "lang": "en",
    "updated": 0
  },
  {
    "id": "1e5d73d7-2243-47f1-8561-e39e3d49352c",
    "data": [
      {
        "text": "Grind ",
        "userDefined": false
      },
      {
        "text": "herbs",
        "meta": "@sys.any",
        "alias": "subject",
        "userDefined": true
      }
    ],
    "isTemplate": false,
    "count": 0,
    "lang": "en",
    "updated": 0
  },
  {
    "id": "d480bfb8-64a4-442a-83f3-fbe02e10101c",
    "data": [
      {
        "text": "Throw",
        "meta": "@sys.any",
        "alias": "verb",
        "userDefined": true
      },
      {
        "text": " ",
        "userDefined": false
      },
      {
        "text": "rope",
        "meta": "@sys.any",
        "alias": "subject",
        "userDefined": true
      },
      {
        "text": " around ",
        "userDefined": false
      },
      {
        "text": "tree",
        "meta": "@sys.any",
        "alias": "object",
        "userDefined": true
      }
    ],
    "isTemplate": false,
    "count": 0,
    "lang": "en",
    "updated": 0
  },
  {
    "id": "d7743d54-47d0-4525-bf59-eb37872f8d03",
    "data": [
      {
        "text": "Grind the ",
        "userDefined": false
      },
      {
        "text": "herbs",
        "meta": "@sys.any",
        "alias": "subject",
        "userDefined": true
      },
      {
        "text": " into a paste",
        "userDefined": false
      }
    ],
    "isTemplate": false,
    "count": 0,
    "lang": "en",
    "updated": 0
  },
  {
    "id": "e5014728-2219-4fd6-aa6c-6424cd9cc93e",
    "data": [
      {
        "text": "Turn the ",
        "userDefined": false
      },
      {
        "text": "wheel",
        "meta": "@sys.any",
        "alias": "subject",
        "userDefined": true
      }
    ],
    "isTemplate": false,
    "count": 0,
    "lang": "en",
    "updated": 0
  },
  {
    "id": "bf51e806-23a6-4161-958d-5af6f85695ba",
    "data": [
      {
        "text": "Use the ",
        "userDefined": false
      },
      {
        "text": "rope",
        "meta": "@sys.any",
        "alias": "subject",
        "userDefined": true
      },
      {
        "text": " to ",
        "userDefined": false
      },
      {
        "text": "climb",
        "meta": "@sys.any",
        "alias": "verb",
        "userDefined": true
      },
      {
        "text": " the ",
        "userDefined": false
      },
      {
        "text": "tree",
        "meta": "@sys.any",
        "alias": "object",
        "userDefined": true
      }
    ],
    "isTemplate": false,
    "count": 0,
    "lang": "en",
    "updated": 0
  },
  {
    "id": "41542acc-2e60-4a6d-a03d-0162cdf1ecc7",
    "data": [
      {
        "text": "Mix ",
        "userDefined": false
      },
      {
        "text": "chocolate",
        "meta": "@sys.any",
        "alias": "subject",
        "userDefined": true
      },
      {
        "text": " with ",
        "userDefined": false
      },
      {
        "text": "milk",
        "meta": "@sys.any",
        "alias": "object",
        "userDefined": true
      }
    ],
    "isTemplate": false,
    "count": 0,
    "lang": "en",
    "updated": 0
  },
  {
    "id": "3aaa7afd-5c18-4035-8064-8e0aac3857fd",
    "data": [
      {
        "text": "Look through the ",
        "userDefined": false
      },
      {
        "text": "spyglass",
        "meta": "@sys.any",
        "alias": "subject",
        "userDefined": true
      }
    ],
    "isTemplate": false,
    "count": 0,
    "lang": "en",
    "updated": 0
  },
  {
    "id": "f242015d-4a7f-4ab5-96b6-405787a5e4a0",
    "data": [
      {
        "text": "Climb up the ",
        "userDefined": false
      },
      {
        "text": "rope",
        "meta": "@sys.any",
        "alias": "subject",
        "userDefined": true
      }
    ],
    "isTemplate": false,
    "count": 0,
    "lang": "en",
    "updated": 0
  },
  {
    "id": "a1f41260-fff0-4d84-ae76-8db32d7469a6",
    "data": [
      {
        "text": "Place",
        "meta": "@sys.any",
        "alias": "verb",
        "userDefined": true
      },
      {
        "text": " ",
        "userDefined": false
      },
      {
        "text": "frog",
        "meta": "@sys.any",
        "alias": "subject",
        "userDefined": true
      },
      {
        "text": " in ",
        "userDefined": false
      },
      {
        "text": "pot",
        "meta": "@sys.any",
        "alias": "object",
        "userDefined": true
      }
    ],
    "isTemplate": false,
    "count": 0,
    "lang": "en",
    "updated": 0
  },
  {
    "id": "4cdd4f5e-9e7b-43c1-8387-e83e37c005bb",
    "data": [
      {
        "text": "Put",
        "meta": "@sys.any",
        "alias": "verb",
        "userDefined": true
      },
      {
        "text": " the ",
        "userDefined": false
      },
      {
        "text": "soup",
        "meta": "@sys.any",
        "alias": "subject",
        "userDefined": true
      },
      {
        "text": " in the ",
        "userDefined": false
      },
      {
        "text": "bowl",
        "meta": "@sys.any",
        "alias": "object",
        "userDefined": true
      }
    ],
    "isTemplate": false,
    "count": 0,
    "lang": "en",
    "updated": 0
  },
  {
    "id": "cc1ba306-dbc9-44a2-bb1c-ad410aa8c27d",
    "data": [
      {
        "text": "Climb the ",
        "userDefined": false
      },
      {
        "text": "bookshelf",
        "meta": "@sys.any",
        "alias": "subject",
        "userDefined": true
      }
    ],
    "isTemplate": false,
    "count": 0,
    "lang": "en",
    "updated": 0
  },
  {
    "id": "5e150eaf-bc8b-4f78-9640-f995488ca9da",
    "data": [
      {
        "text": "Grind",
        "meta": "@sys.any",
        "alias": "verb",
        "userDefined": true
      },
      {
        "text": " ",
        "userDefined": false
      },
      {
        "text": "ginger",
        "meta": "@sys.any",
        "alias": "subject",
        "userDefined": true
      },
      {
        "text": " in ",
        "userDefined": false
      },
      {
        "text": "mortar",
        "meta": "@sys.any",
        "alias": "object",
        "userDefined": true
      }
    ],
    "isTemplate": false,
    "count": 0,
    "lang": "en",
    "updated": 0
  },
  {
    "id": "c6a2b8f4-801c-4b7d-9c72-0d848b2473f4",
    "data": [
      {
        "text": "Climb down the ",
        "userDefined": false
      },
      {
        "text": "rope",
        "meta": "@sys.any",
        "alias": "subject",
        "userDefined": true
      }
    ],
    "isTemplate": false,
    "count": 0,
    "lang": "en",
    "updated": 0
  },
  {
    "id": "9dc4ae44-b0d4-44e8-bb58-e497ff577a36",
    "data": [
      {
        "text": "Look through ",
        "userDefined": false
      },
      {
        "text": "binoculars",
        "meta": "@sys.any",
        "alias": "subject",
        "userDefined": true
      }
    ],
    "isTemplate": false,
    "count": 0,
    "lang": "en",
    "updated": 0
  },
  {
    "id": "ae38b22a-c6e7-4e6b-a4ea-14cbb6f8f195",
    "data": [
      {
        "text": "Place",
        "meta": "@sys.any",
        "alias": "verb",
        "userDefined": true
      },
      {
        "text": " the ",
        "userDefined": false
      },
      {
        "text": "fish",
        "meta": "@sys.any",
        "alias": "subject",
        "userDefined": true
      },
      {
        "text": " in the ",
        "userDefined": false
      },
      {
        "text": "tank",
        "meta": "@sys.any",
        "alias": "object",
        "userDefined": true
      }
    ],
    "isTemplate": false,
    "count": 0,
    "lang": "en",
    "updated": 0
  },
  {
    "id": "2fb2cb5f-0f10-4ca7-8cb0-2429633120bb",
    "data": [
      {
        "text": "Use the ",
        "userDefined": false
      },
      {
        "text": "door",
        "meta": "@sys.any",
        "alias": "subject",
        "userDefined": true
      }
    ],
    "isTemplate": false,
    "count": 0,
    "lang": "en",
    "updated": 0
  },
  {
    "id": "1a6adca5-a3eb-434b-9156-4078237d1635",
    "data": [
      {
        "text": "Use the ",
        "userDefined": false
      },
      {
        "text": "ball",
        "meta": "@sys.any",
        "alias": "subject",
        "userDefined": true
      },
      {
        "text": " on the ",
        "userDefined": false
      },
      {
        "text": "basket",
        "meta": "@sys.any",
        "alias": "object",
        "userDefined": true
      }
    ],
    "isTemplate": false,
    "count": 0,
    "lang": "en",
    "updated": 0
  },
  {
    "id": "8c2f53c7-95ba-49f3-97f4-a0cdaadd6700",
    "data": [
      {
        "text": "Use the ",
        "userDefined": false
      },
      {
        "text": "knife",
        "meta": "@sys.any",
        "alias": "subject",
        "userDefined": true
      },
      {
        "text": " to ",
        "userDefined": false
      },
      {
        "text": "cut",
        "meta": "@sys.any",
        "alias": "verb",
        "userDefined": true
      },
      {
        "text": " the ",
        "userDefined": false
      },
      {
        "text": "rope",
        "meta": "@sys.any",
        "alias": "object",
        "userDefined": true
      }
    ],
    "isTemplate": false,
    "count": 0,
    "lang": "en",
    "updated": 0
  },
  {
    "id": "4be2bdc0-9985-4a9f-afae-5b548ec21e63",
    "data": [
      {
        "text": "Grind",
        "meta": "@sys.any",
        "alias": "verb",
        "userDefined": true
      },
      {
        "text": " the ",
        "userDefined": false
      },
      {
        "text": "ginger",
        "meta": "@sys.any",
        "alias": "subject",
        "userDefined": true
      },
      {
        "text": " with ",
        "userDefined": false
      },
      {
        "text": "mortar",
        "meta": "@sys.any",
        "alias": "object",
        "userDefined": true
      }
    ],
    "isTemplate": false,
    "count": 0,
    "lang": "en",
    "updated": 0
  },
  {
    "id": "1e5f32de-83ec-4b13-9ea9-2b49c92c5c7f",
    "data": [
      {
        "text": "Climb the ",
        "userDefined": false
      },
      {
        "text": "waterfall",
        "meta": "@sys.any",
        "alias": "subject",
        "userDefined": true
      },
      {
        "text": " with the ",
        "userDefined": false
      },
      {
        "text": "icepicks",
        "meta": "@sys.any",
        "alias": "object",
        "userDefined": true
      }
    ],
    "isTemplate": false,
    "count": 0,
    "lang": "en",
    "updated": 0
  },
  {
    "id": "3e35fcee-7f5f-48cd-9cd5-6e5385ae8c6b",
    "data": [
      {
        "text": "Pet ",
        "userDefined": false
      },
      {
        "text": "porcupine",
        "meta": "@sys.any",
        "alias": "subject",
        "userDefined": true
      }
    ],
    "isTemplate": false,
    "count": 0,
    "lang": "en",
    "updated": 0
  },
  {
    "id": "a0067b7a-c457-4bd2-9332-a7e655e95494",
    "data": [
      {
        "text": "Grind",
        "meta": "@sys.any",
        "alias": "verb",
        "userDefined": true
      },
      {
        "text": " the ",
        "userDefined": false
      },
      {
        "text": "ginger",
        "meta": "@sys.any",
        "alias": "subject",
        "userDefined": true
      },
      {
        "text": " with the ",
        "userDefined": false
      },
      {
        "text": "mortar",
        "meta": "@sys.any",
        "alias": "object",
        "userDefined": true
      }
    ],
    "isTemplate": false,
    "count": 0,
    "lang": "en",
    "updated": 0
  },
  {
    "id": "c653d1b9-99cf-4b87-9951-1f1a4e2f0f66",
    "data": [
      {
        "text": "Place",
        "meta": "@sys.any",
        "alias": "verb",
        "userDefined": true
      },
      {
        "text": " ",
        "userDefined": false
      },
      {
        "text": "skull",
        "meta": "@sys.any",
        "alias": "subject",
        "userDefined": true
      },
      {
        "text": " in the ",
        "userDefined": false
      },
      {
        "text": "box",
        "meta": "@sys.any",
        "alias": "object",
        "userDefined": true
      }
    ],
    "isTemplate": false,
    "count": 0,
    "lang": "en",
    "updated": 0
  },
  {
    "id": "fe757bbb-ca7d-4be4-a7fb-6a2f0a909246",
    "data": [
      {
        "text": "Mix the ",
        "userDefined": false
      },
      {
        "text": "chocolate",
        "meta": "@sys.any",
        "alias": "subject",
        "userDefined": true
      },
      {
        "text": " with ",
        "userDefined": false
      },
      {
        "text": "milk",
        "meta": "@sys.any",
        "alias": "object",
        "userDefined": true
      }
    ],
    "isTemplate": false,
    "count": 0,
    "lang": "en",
    "updated": 0
  },
  {
    "id": "be07f6be-8f50-477a-ab70-233f15b29925",
    "data": [
      {
        "text": "Throw the ",
        "userDefined": false
      },
      {
        "text": "ball",
        "meta": "@sys.any",
        "alias": "subject",
        "userDefined": true
      },
      {
        "text": " up the ",
        "userDefined": false
      },
      {
        "text": "hill",
        "meta": "@sys.any",
        "alias": "object",
        "userDefined": true
      }
    ],
    "isTemplate": false,
    "count": 0,
    "lang": "en",
    "updated": 0
  },
  {
    "id": "8a4be0c8-e810-45ea-b58a-f1e08780493e",
    "data": [
      {
        "text": "I use the ",
        "userDefined": false
      },
      {
        "text": "sword",
        "meta": "@sys.any",
        "alias": "subject",
        "userDefined": true
      },
      {
        "text": " on the ",
        "userDefined": false
      },
      {
        "text": "dragon",
        "meta": "@sys.any",
        "alias": "object",
        "userDefined": true
      }
    ],
    "isTemplate": false,
    "count": 0,
    "lang": "en",
    "updated": 0
  },
  {
    "id": "6d08b63f-5feb-4d68-b88c-b03273b91f6c",
    "data": [
      {
        "text": "Attach ",
        "userDefined": false
      },
      {
        "text": "nail",
        "meta": "@sys.any",
        "alias": "subject",
        "userDefined": true
      },
      {
        "text": " to ",
        "userDefined": false
      },
      {
        "text": "stick",
        "meta": "@sys.any",
        "alias": "object",
        "userDefined": true
      }
    ],
    "isTemplate": false,
    "count": 0,
    "lang": "en",
    "updated": 0
  },
  {
    "id": "76353f9e-bfe7-42ef-9575-18923a8cdde9",
    "data": [
      {
        "text": "Mix ",
        "userDefined": false
      },
      {
        "text": "chocolate",
        "meta": "@sys.any",
        "alias": "subject",
        "userDefined": true
      },
      {
        "text": " with the ",
        "userDefined": false
      },
      {
        "text": "milk",
        "meta": "@sys.any",
        "alias": "object",
        "userDefined": true
      }
    ],
    "isTemplate": false,
    "count": 0,
    "lang": "en",
    "updated": 0
  },
  {
    "id": "0e0c0480-9f31-468b-8794-23e5462b5c62",
    "data": [
      {
        "text": "Mix the ",
        "userDefined": false
      },
      {
        "text": "chocolate",
        "meta": "@sys.any",
        "alias": "subject",
        "userDefined": true
      },
      {
        "text": " and the ",
        "userDefined": false
      },
      {
        "text": "milk",
        "meta": "@sys.any",
        "alias": "object",
        "userDefined": true
      }
    ],
    "isTemplate": false,
    "count": 0,
    "lang": "en",
    "updated": 0
  },
  {
    "id": "542905e8-dc32-4f9d-88c4-f1d86958b4fe",
    "data": [
      {
        "text": "Throw ",
        "userDefined": false
      },
      {
        "text": "football",
        "meta": "@sys.any",
        "alias": "subject",
        "userDefined": true
      },
      {
        "text": " over ",
        "userDefined": false
      },
      {
        "text": "goalposts",
        "meta": "@sys.any",
        "alias": "object",
        "userDefined": true
      }
    ],
    "isTemplate": false,
    "count": 0,
    "lang": "en",
    "updated": 0
  },
  {
    "id": "f07a5396-94a9-4ef8-a703-51042596b6d2",
    "data": [
      {
        "text": "Use ",
        "userDefined": false
      },
      {
        "text": "knife",
        "meta": "@sys.any",
        "alias": "subject",
        "userDefined": true
      },
      {
        "text": " on ",
        "userDefined": false
      },
      {
        "text": "meat",
        "meta": "@sys.any",
        "alias": "object",
        "userDefined": true
      }
    ],
    "isTemplate": false,
    "count": 0,
    "lang": "en",
    "updated": 0
  },
  {
    "id": "f4344956-c56e-4afd-a698-6530c193b4a0",
    "data": [
      {
        "text": "Throw",
        "meta": "@sys.any",
        "alias": "verb",
        "userDefined": true
      },
      {
        "text": " ",
        "userDefined": false
      },
      {
        "text": "dart",
        "meta": "@sys.any",
        "alias": "subject",
        "userDefined": true
      },
      {
        "text": " at ",
        "userDefined": false
      },
      {
        "text": "dartboard",
        "meta": "@sys.any",
        "alias": "object",
        "userDefined": true
      }
    ],
    "isTemplate": false,
    "count": 0,
    "lang": "en",
    "updated": 0
  },
  {
    "id": "df50dd8c-432f-4448-9782-fcfdf8c3e183",
    "data": [
      {
        "text": "Throw ",
        "userDefined": false
      },
      {
        "text": "ball",
        "meta": "@sys.any",
        "alias": "subject",
        "userDefined": true
      },
      {
        "text": " up ",
        "userDefined": false
      },
      {
        "text": "hill",
        "meta": "@sys.any",
        "alias": "object",
        "userDefined": true
      }
    ],
    "isTemplate": false,
    "count": 0,
    "lang": "en",
    "updated": 0
  },
  {
    "id": "fe1181ab-d3b5-4180-b8cd-4ea6b43473c3",
    "data": [
      {
        "text": "Throw the ",
        "userDefined": false
      },
      {
        "text": "blanket",
        "meta": "@sys.any",
        "alias": "subject",
        "userDefined": true
      },
      {
        "text": " over the ",
        "userDefined": false
      },
      {
        "text": "fire",
        "meta": "@sys.any",
        "alias": "object",
        "userDefined": true
      }
    ],
    "isTemplate": false,
    "count": 0,
    "lang": "en",
    "updated": 0
  },
  {
    "id": "069c7293-fed9-48f5-b8ea-38352e30838f",
    "data": [
      {
        "text": "Throw a ",
        "userDefined": false
      },
      {
        "text": "blanket",
        "meta": "@sys.any",
        "alias": "subject",
        "userDefined": true
      },
      {
        "text": " over the ",
        "userDefined": false
      },
      {
        "text": "fire",
        "meta": "@sys.any",
        "alias": "object",
        "userDefined": true
      }
    ],
    "isTemplate": false,
    "count": 0,
    "lang": "en",
    "updated": 0
  },
  {
    "id": "acc37024-340c-4128-a777-2f362df31138",
    "data": [
      {
        "text": "Place",
        "meta": "@sys.any",
        "alias": "verb",
        "userDefined": true
      },
      {
        "text": " the ",
        "userDefined": false
      },
      {
        "text": "flower",
        "meta": "@sys.any",
        "alias": "subject",
        "userDefined": true
      },
      {
        "text": " in ",
        "userDefined": false
      },
      {
        "text": "vase",
        "meta": "@sys.any",
        "alias": "object",
        "userDefined": true
      }
    ],
    "isTemplate": false,
    "count": 0,
    "lang": "en",
    "updated": 0
  },
  {
    "id": "e1506080-6a70-49b4-a8a4-3822dfc063a8",
    "data": [
      {
        "text": "Combine ",
        "userDefined": false
      },
      {
        "text": "bread",
        "meta": "@sys.any",
        "alias": "subject",
        "userDefined": true
      },
      {
        "text": " with ",
        "userDefined": false
      },
      {
        "text": "butter",
        "meta": "@sys.any",
        "alias": "object",
        "userDefined": true
      }
    ],
    "isTemplate": false,
    "count": 0,
    "lang": "en",
    "updated": 0
  },
  {
    "id": "1dd97e43-6f86-4258-a3bb-7d17c40755e8",
    "data": [
      {
        "text": "Add ",
        "userDefined": false
      },
      {
        "text": "poison",
        "meta": "@sys.any",
        "alias": "subject",
        "userDefined": true
      },
      {
        "text": " to ",
        "userDefined": false
      },
      {
        "text": "pie",
        "meta": "@sys.any",
        "alias": "object",
        "userDefined": true
      }
    ],
    "isTemplate": false,
    "count": 0,
    "lang": "en",
    "updated": 0
  },
  {
    "id": "dace4f63-606c-4d9e-9f3c-a8ee1fd406c1",
    "data": [
      {
        "text": "Use ",
        "userDefined": false
      },
      {
        "text": "binoculars",
        "meta": "@sys.any",
        "alias": "subject",
        "userDefined": true
      },
      {
        "text": " to ",
        "userDefined": false
      },
      {
        "text": "look around",
        "meta": "@sys.any",
        "alias": "purpose",
        "userDefined": true
      }
    ],
    "isTemplate": false,
    "count": 0,
    "lang": "en",
    "updated": 0
  },
  {
    "id": "bd1c6ce6-c760-4044-9ed5-9a6573c771df",
    "data": [
      {
        "text": "Throw the ",
        "userDefined": false
      },
      {
        "text": "football",
        "meta": "@sys.any",
        "alias": "subject",
        "userDefined": true
      },
      {
        "text": " over the ",
        "userDefined": false
      },
      {
        "text": "goalpost",
        "meta": "@sys.any",
        "alias": "object",
        "userDefined": true
      }
    ],
    "isTemplate": false,
    "count": 0,
    "lang": "en",
    "updated": 0
  },
  {
    "id": "c48a7c6b-27aa-4c0f-a3d2-a4317cbc2148",
    "data": [
      {
        "text": "Climb ",
        "userDefined": false
      },
      {
        "text": "wall",
        "meta": "@sys.any",
        "alias": "subject",
        "userDefined": true
      },
      {
        "text": " with ",
        "userDefined": false
      },
      {
        "text": "pitons",
        "meta": "@sys.any",
        "alias": "object",
        "userDefined": true
      }
    ],
    "isTemplate": false,
    "count": 0,
    "lang": "en",
    "updated": 0
  },
  {
    "id": "40c1dc6a-0a33-486b-9310-1502c4aacfb3",
    "data": [
      {
        "text": "Climb up ",
        "userDefined": false
      },
      {
        "text": "rope",
        "meta": "@sys.any",
        "alias": "subject",
        "userDefined": true
      }
    ],
    "isTemplate": false,
    "count": 0,
    "lang": "en",
    "updated": 0
  },
  {
    "id": "9afc8660-007f-448a-a3de-7bca9cb3cb57",
    "data": [
      {
        "text": "I ",
        "userDefined": false
      },
      {
        "text": "put",
        "meta": "@sys.any",
        "alias": "verb",
        "userDefined": true
      },
      {
        "text": " the ",
        "userDefined": false
      },
      {
        "text": "lotion",
        "meta": "@sys.any",
        "alias": "subject",
        "userDefined": true
      },
      {
        "text": " on its ",
        "userDefined": false
      },
      {
        "text": "skin",
        "meta": "@sys.any",
        "alias": "object",
        "userDefined": true
      }
    ],
    "isTemplate": false,
    "count": 0,
    "lang": "en",
    "updated": 0
  },
  {
    "id": "25ef8d29-9fb9-401d-8ac6-eb799b197fb6",
    "data": [
      {
        "text": "I use the ",
        "userDefined": false
      },
      {
        "text": "telephone",
        "meta": "@sys.any",
        "alias": "subject",
        "userDefined": true
      }
    ],
    "isTemplate": false,
    "count": 0,
    "lang": "en",
    "updated": 0
  },
  {
    "id": "66299d3c-ecc5-4736-b327-dcb1324f240f",
    "data": [
      {
        "text": "Put",
        "meta": "@sys.any",
        "alias": "verb",
        "userDefined": true
      },
      {
        "text": " the ",
        "userDefined": false
      },
      {
        "text": "plug",
        "meta": "@sys.any",
        "alias": "subject",
        "userDefined": true
      },
      {
        "text": " into the ",
        "userDefined": false
      },
      {
        "text": "socket",
        "meta": "@sys.any",
        "alias": "object",
        "userDefined": true
      }
    ],
    "isTemplate": false,
    "count": 0,
    "lang": "en",
    "updated": 0
  },
  {
    "id": "34a53968-9e1f-47ec-a04f-a82f8a74def3",
    "data": [
      {
        "text": "Use the ",
        "userDefined": false
      },
      {
        "text": "microwave",
        "meta": "@sys.any",
        "alias": "subject",
        "userDefined": true
      }
    ],
    "isTemplate": false,
    "count": 0,
    "lang": "en",
    "updated": 0
  },
  {
    "id": "45d9038e-a3dc-4908-8bf1-e79a88f799d0",
    "data": [
      {
        "text": "Use the ",
        "userDefined": false
      },
      {
        "text": "knife",
        "meta": "@sys.any",
        "alias": "subject",
        "userDefined": true
      }
    ],
    "isTemplate": false,
    "count": 0,
    "lang": "en",
    "updated": 0
  },
  {
    "id": "e7c9e76f-e163-4980-9876-b4346a73de0d",
    "data": [
      {
        "text": "Mix ",
        "userDefined": false
      },
      {
        "text": "chocolate",
        "meta": "@sys.any",
        "alias": "subject",
        "userDefined": true
      },
      {
        "text": " and ",
        "userDefined": false
      },
      {
        "text": "milk",
        "meta": "@sys.any",
        "alias": "object",
        "userDefined": true
      }
    ],
    "isTemplate": false,
    "count": 0,
    "lang": "en",
    "updated": 0
  },
  {
    "id": "3db80e86-6e6c-4b9a-820d-117ab836a501",
    "data": [
      {
        "text": "Pet the ",
        "userDefined": false
      },
      {
        "text": "cat",
        "meta": "@sys.any",
        "alias": "subject",
        "userDefined": true
      }
    ],
    "isTemplate": false,
    "count": 0,
    "lang": "en",
    "updated": 0
  },
  {
    "id": "fe99182b-253e-4580-9e70-4a429b37a026",
    "data": [
      {
        "text": "Combine ",
        "userDefined": false
      },
      {
        "text": "bourbon",
        "meta": "@sys.any",
        "alias": "subject",
        "userDefined": true
      },
      {
        "text": " and ",
        "userDefined": false
      },
      {
        "text": "vermouth",
        "meta": "@sys.any",
        "alias": "object",
        "userDefined": true
      }
    ],
    "isTemplate": false,
    "count": 0,
    "lang": "en",
    "updated": 0
  },
  {
    "id": "72620d71-5d39-43bd-8fe3-2301a2782854",
    "data": [
      {
        "text": "Use ",
        "userDefined": false
      },
      {
        "text": "fork",
        "meta": "@sys.any",
        "alias": "subject",
        "userDefined": true
      },
      {
        "text": " with ",
        "userDefined": false
      },
      {
        "text": "spaghetti",
        "meta": "@sys.any",
        "alias": "object",
        "userDefined": true
      }
    ],
    "isTemplate": false,
    "count": 0,
    "lang": "en",
    "updated": 0
  },
  {
    "id": "531717a1-307a-422c-a8b6-b7cdf0fd4653",
    "data": [
      {
        "text": "Attach the ",
        "userDefined": false
      },
      {
        "text": "garnish",
        "meta": "@sys.any",
        "alias": "subject",
        "userDefined": true
      },
      {
        "text": " to the ",
        "userDefined": false
      },
      {
        "text": "cocktail",
        "meta": "@sys.any",
        "alias": "object",
        "userDefined": true
      },
      {
        "text": ".",
        "userDefined": false
      }
    ],
    "isTemplate": false,
    "count": 0,
    "lang": "en",
    "updated": 0
  }
]