[
  {
    "id": "64799c5b-3179-4125-a43a-fd2f1cc83a3a",
    "data": [
      {
        "text": "Talk to A Flight of Fancy",
        "userDefined": false
      }
    ],
    "isTemplate": false,
    "count": 0,
    "lang": "en",
    "updated": 0
  },
  {
    "id": "f05d96b9-e219-4c2f-a70b-3223b3bc99e6",
    "data": [
      {
        "text": "I\u0027d like to play A Flight of Fancy",
        "userDefined": false
      }
    ],
    "isTemplate": false,
    "count": 0,
    "lang": "en",
    "updated": 0
  },
  {
    "id": "f610247d-9304-4693-8004-616a52a99b97",
    "data": [
      {
        "text": "I\u0027d like to play a game",
        "userDefined": false
      }
    ],
    "isTemplate": false,
    "count": 0,
    "lang": "en",
    "updated": 0
  },
  {
    "id": "c106d95f-bb47-4abd-aea9-feed8cae9cdd",
    "data": [
      {
        "text": "Have a Flight of Fancy",
        "userDefined": false
      }
    ],
    "isTemplate": false,
    "count": 0,
    "lang": "en",
    "updated": 0
  },
  {
    "id": "9c3aebbd-4ce3-43e6-b8b9-01204fd51d43",
    "data": [
      {
        "text": "Play Flight of Fancy",
        "userDefined": false
      }
    ],
    "isTemplate": false,
    "count": 0,
    "lang": "en",
    "updated": 0
  },
  {
    "id": "31e08074-fde8-48d9-9110-8abe44747523",
    "data": [
      {
        "text": "Play A Flight of Fancy",
        "userDefined": false
      }
    ],
    "isTemplate": false,
    "count": 0,
    "lang": "en",
    "updated": 0
  },
  {
    "id": "77d23cb5-d19c-4d11-8159-051d189d1c45",
    "data": [
      {
        "text": "Play a game",
        "userDefined": false
      }
    ],
    "isTemplate": false,
    "count": 0,
    "lang": "en",
    "updated": 0
  },
  {
    "id": "33bce3b2-0ca6-4ef6-8a57-173cd9fcb4e6",
    "data": [
      {
        "text": "I want to play a game",
        "userDefined": false
      }
    ],
    "isTemplate": false,
    "count": 0,
    "lang": "en",
    "updated": 0
  },
  {
    "id": "9bd6f867-5f96-4afd-9797-c6eeba5193cc",
    "data": [
      {
        "text": "Can I go on an adventure?",
        "userDefined": false
      }
    ],
    "isTemplate": false,
    "count": 0,
    "lang": "en",
    "updated": 0
  },
  {
    "id": "0c9a5d45-c791-4383-98be-30ca931b1a3f",
    "data": [
      {
        "text": "Let\u0027s have an adventure",
        "userDefined": false
      }
    ],
    "isTemplate": false,
    "count": 0,
    "lang": "en",
    "updated": 0
  },
  {
    "id": "929c0ed7-c8ce-4698-9ea6-1c1f8ac83acf",
    "data": [
      {
        "text": "I\u0027m feeling adventurous",
        "userDefined": false
      }
    ],
    "isTemplate": false,
    "count": 0,
    "lang": "en",
    "updated": 0
  },
  {
    "id": "79f2b217-6393-4e31-8304-55b85c3d1ae0",
    "data": [
      {
        "text": "I want an adventure",
        "userDefined": false
      }
    ],
    "isTemplate": false,
    "count": 0,
    "lang": "en",
    "updated": 0
  },
  {
    "id": "9c430350-aa88-40a8-b482-42005599c934",
    "data": [
      {
        "text": "Go on an adventure",
        "userDefined": false
      }
    ],
    "isTemplate": false,
    "count": 0,
    "lang": "en",
    "updated": 0
  },
  {
    "id": "eeeafd6f-004c-4d23-b58e-0579e108bd7a",
    "data": [
      {
        "text": "have an adventure",
        "userDefined": false
      }
    ],
    "isTemplate": false,
    "count": 0,
    "lang": "en",
    "updated": 0
  }
]