[
  {
    "id": "081bf2a7-1fa3-4fb3-b52b-42a2324bdd19",
    "data": [
      {
        "text": "Break the ",
        "userDefined": false
      },
      {
        "text": "egg",
        "alias": "object",
        "meta": "@sys.any",
        "userDefined": true
      },
      {
        "text": " with the ",
        "userDefined": false
      },
      {
        "text": "spoon",
        "alias": "subject",
        "meta": "@sys.any",
        "userDefined": true
      }
    ],
    "isTemplate": false,
    "count": 0,
    "updated": 1551207697
  },
  {
    "id": "de68fc44-1a03-4946-b390-31981a1d3c27",
    "data": [
      {
        "text": "Break the ",
        "userDefined": false
      },
      {
        "text": "lock",
        "alias": "object",
        "meta": "@sys.any",
        "userDefined": true
      },
      {
        "text": " with a ",
        "userDefined": false
      },
      {
        "text": "rock",
        "alias": "subject",
        "meta": "@sys.any",
        "userDefined": true
      }
    ],
    "isTemplate": false,
    "count": 0,
    "updated": 1551207697
  },
  {
    "id": "ebf5c1be-4046-46f3-82e3-1d3605e2354b",
    "data": [
      {
        "text": "Break the ",
        "userDefined": false
      },
      {
        "text": "door",
        "alias": "object",
        "meta": "@sys.any",
        "userDefined": true
      },
      {
        "text": " with my ",
        "userDefined": false
      },
      {
        "text": "hammer",
        "alias": "subject",
        "meta": "@sys.any",
        "userDefined": true
      }
    ],
    "isTemplate": false,
    "count": 0,
    "updated": 1551207697
  },
  {
    "id": "e2c2ca13-c5e4-4b26-a7d9-cd3af4588d6d",
    "data": [
      {
        "text": "Swing my ",
        "userDefined": false
      },
      {
        "text": "sword",
        "alias": "object",
        "meta": "@sys.any",
        "userDefined": true
      },
      {
        "text": " at the ",
        "userDefined": false
      },
      {
        "text": "dragon",
        "alias": "subject",
        "meta": "@sys.any",
        "userDefined": true
      }
    ],
    "isTemplate": false,
    "count": 0,
    "updated": 1551107979
  },
  {
    "id": "1e4475e9-b2c4-496e-978e-620ff1b8b6a1",
    "data": [
      {
        "text": "Throw a ",
        "userDefined": false
      },
      {
        "text": "knife",
        "alias": "object",
        "meta": "@sys.any",
        "userDefined": true
      },
      {
        "text": " at the ",
        "userDefined": false
      },
      {
        "text": "target",
        "alias": "subject",
        "meta": "@sys.any",
        "userDefined": true
      }
    ],
    "isTemplate": false,
    "count": 0,
    "updated": 1551107979
  },
  {
    "id": "2c2e0c8c-07a0-4171-bbcb-b71b2dec4993",
    "data": [
      {
        "text": "Stab the ",
        "userDefined": false
      },
      {
        "text": "rat",
        "alias": "subject",
        "meta": "@sys.any",
        "userDefined": true
      },
      {
        "text": " with the ",
        "userDefined": false
      },
      {
        "text": "knife",
        "alias": "object",
        "meta": "@sys.any",
        "userDefined": true
      }
    ],
    "isTemplate": false,
    "count": 0,
    "updated": 1551107979
  },
  {
    "id": "c218244d-0422-4f6f-a2a6-a115e380c9d8",
    "data": [
      {
        "text": "attack ",
        "userDefined": false
      },
      {
        "text": "snake",
        "alias": "subject",
        "meta": "@sys.any",
        "userDefined": true
      },
      {
        "text": " with ",
        "userDefined": false
      },
      {
        "text": "stick",
        "alias": "object",
        "meta": "@sys.any",
        "userDefined": true
      }
    ],
    "isTemplate": false,
    "count": 0,
    "updated": 1551107979
  },
  {
    "id": "4987786b-75a4-4d26-b529-561f26c0148e",
    "data": [
      {
        "text": "kill the ",
        "userDefined": false
      },
      {
        "text": "troll",
        "alias": "subject",
        "meta": "@sys.any",
        "userDefined": true
      },
      {
        "text": " with my ",
        "userDefined": false
      },
      {
        "text": "sword",
        "alias": "object",
        "meta": "@sys.any",
        "userDefined": true
      }
    ],
    "isTemplate": false,
    "count": 0,
    "updated": 1550770951
  },
  {
    "id": "310c2235-617c-482c-b52f-afb2a2b98f93",
    "data": [
      {
        "text": "hit ",
        "userDefined": false
      },
      {
        "text": "goblin",
        "alias": "subject",
        "meta": "@sys.any",
        "userDefined": true
      },
      {
        "text": " with ",
        "userDefined": false
      },
      {
        "text": "rock",
        "alias": "object",
        "meta": "@sys.any",
        "userDefined": true
      }
    ],
    "isTemplate": false,
    "count": 0,
    "updated": 1550770951
  },
  {
    "id": "ccf5ab7f-09c9-4e59-b438-d7116703cdd7",
    "data": [
      {
        "text": "fight ",
        "userDefined": false
      },
      {
        "text": "barbarian",
        "alias": "subject",
        "meta": "@sys.any",
        "userDefined": true
      },
      {
        "text": " using ",
        "userDefined": false
      },
      {
        "text": "axe",
        "alias": "object",
        "meta": "@sys.any",
        "userDefined": true
      }
    ],
    "isTemplate": false,
    "count": 0,
    "updated": 1550770951
  },
  {
    "id": "751e96db-688e-41d5-a872-6158d6c100b7",
    "data": [
      {
        "text": "attack ",
        "userDefined": false
      },
      {
        "text": "evil wizard",
        "alias": "subject",
        "meta": "@sys.any",
        "userDefined": true
      },
      {
        "text": " with a ",
        "userDefined": false
      },
      {
        "text": "spell",
        "alias": "object",
        "meta": "@sys.any",
        "userDefined": true
      }
    ],
    "isTemplate": false,
    "count": 0,
    "updated": 1550770951
  }
]