[
  {
    "id": "b12458c0-adc3-4933-b4d2-8c8058777030",
    "data": [
      {
        "text": "Swallow a ",
        "userDefined": false
      },
      {
        "text": "pill",
        "alias": "subject",
        "meta": "@sys.any",
        "userDefined": true
      }
    ],
    "isTemplate": false,
    "count": 0
  },
  {
    "id": "8bf8db90-150e-4ce9-b9c8-1c66222cae75",
    "data": [
      {
        "text": "Swallow ",
        "userDefined": false
      },
      {
        "text": "pill",
        "alias": "subject",
        "meta": "@sys.any",
        "userDefined": true
      }
    ],
    "isTemplate": false,
    "count": 0
  },
  {
    "id": "f91c0338-cf1d-4b7f-8155-26673fe9728e",
    "data": [
      {
        "text": "Swallow the ",
        "userDefined": false
      },
      {
        "text": "pill",
        "alias": "subject",
        "meta": "@sys.any",
        "userDefined": true
      }
    ],
    "isTemplate": false,
    "count": 0
  },
  {
    "id": "88aed51c-f3a1-4f1f-b941-325b618b60c9",
    "data": [
      {
        "text": "Eat some of the ",
        "userDefined": false
      },
      {
        "text": "cherries",
        "alias": "subject",
        "meta": "@sys.any",
        "userDefined": true
      }
    ],
    "isTemplate": false,
    "count": 0,
    "updated": 1551311552
  },
  {
    "id": "35998aa9-5884-4b8b-a6dc-b44168d45550",
    "data": [
      {
        "text": "Drink some of the ",
        "userDefined": false
      },
      {
        "text": "beer",
        "alias": "subject",
        "meta": "@sys.any",
        "userDefined": true
      }
    ],
    "isTemplate": false,
    "count": 0,
    "updated": 1551311552
  },
  {
    "id": "10644dae-dfb2-44b3-9427-a0834fd96684",
    "data": [
      {
        "text": "I quaff the ",
        "userDefined": false
      },
      {
        "text": "wine",
        "alias": "subject",
        "meta": "@sys.any",
        "userDefined": true
      }
    ],
    "isTemplate": false,
    "count": 0,
    "updated": 1550860200
  },
  {
    "id": "0802531b-f87e-425a-986a-7cdb4b329b0d",
    "data": [
      {
        "text": "Quaff the ",
        "userDefined": false
      },
      {
        "text": "beer",
        "alias": "subject",
        "meta": "@sys.any",
        "userDefined": true
      }
    ],
    "isTemplate": false,
    "count": 0,
    "updated": 1550860200
  },
  {
    "id": "2aebaaed-596b-4a17-a6ab-a302482b5658",
    "data": [
      {
        "text": "I drink some ",
        "userDefined": false
      },
      {
        "text": "coffee",
        "alias": "subject",
        "meta": "@sys.any",
        "userDefined": true
      }
    ],
    "isTemplate": false,
    "count": 0,
    "updated": 1550860200
  },
  {
    "id": "db8ec8f9-f226-438d-a1da-83749555c97e",
    "data": [
      {
        "text": "I eat a ",
        "userDefined": false
      },
      {
        "text": "grape",
        "alias": "subject",
        "meta": "@sys.any",
        "userDefined": true
      }
    ],
    "isTemplate": false,
    "count": 0,
    "updated": 1550860200
  },
  {
    "id": "bce5f909-a7ce-4843-a0f4-e4c6dc76fd4d",
    "data": [
      {
        "text": "Consume the ",
        "userDefined": false
      },
      {
        "text": "mouse",
        "alias": "subject",
        "meta": "@sys.any",
        "userDefined": true
      }
    ],
    "isTemplate": false,
    "count": 0,
    "updated": 1550860200
  },
  {
    "id": "dca9f4d1-0b90-45ec-bf46-ce928c91c61f",
    "data": [
      {
        "text": "Devour the ",
        "userDefined": false
      },
      {
        "text": "steak",
        "alias": "subject",
        "meta": "@sys.any",
        "userDefined": true
      }
    ],
    "isTemplate": false,
    "count": 0,
    "updated": 1550860200
  },
  {
    "id": "1ccd54e6-e153-4d96-bcb1-8f91242027cd",
    "data": [
      {
        "text": "Lick the ",
        "userDefined": false
      },
      {
        "text": "toad",
        "alias": "subject",
        "meta": "@sys.any",
        "userDefined": true
      }
    ],
    "isTemplate": false,
    "count": 0,
    "updated": 1550860200
  },
  {
    "id": "c7f183aa-a8bc-4554-825d-0e27b7c2c361",
    "data": [
      {
        "text": "Taste the ",
        "userDefined": false
      },
      {
        "text": "soup",
        "alias": "subject",
        "meta": "@sys.any",
        "userDefined": true
      }
    ],
    "isTemplate": false,
    "count": 0,
    "updated": 1550860200
  },
  {
    "id": "3b614f6a-7d91-460f-b601-611f4d3f89c6",
    "data": [
      {
        "text": "Drink a ",
        "userDefined": false
      },
      {
        "text": "potion",
        "alias": "subject",
        "meta": "@sys.any",
        "userDefined": true
      }
    ],
    "isTemplate": false,
    "count": 0,
    "updated": 1550860200
  },
  {
    "id": "4b309e23-7363-4bd9-a510-8103a1febc48",
    "data": [
      {
        "text": "Eat the ",
        "userDefined": false
      },
      {
        "text": "candy",
        "alias": "subject",
        "meta": "@sys.any",
        "userDefined": true
      }
    ],
    "isTemplate": false,
    "count": 0,
    "updated": 1550860200
  }
]