[
  {
    "id": "f8b987cd-78d3-4b6a-b7da-a777e13a312e",
    "data": [
      {
        "text": "What are the exits?",
        "userDefined": false
      }
    ],
    "isTemplate": false,
    "count": 0,
    "updated": 1551201990
  },
  {
    "id": "9cb359f0-ac5d-4015-8aa6-6b47c71283e4",
    "data": [
      {
        "text": "How do I get out of here?",
        "userDefined": false
      }
    ],
    "isTemplate": false,
    "count": 0,
    "updated": 1551201990
  },
  {
    "id": "feb24798-c28d-4ace-9922-590063b13b19",
    "data": [
      {
        "text": "Where can I go?",
        "userDefined": false
      }
    ],
    "isTemplate": false,
    "count": 0,
    "updated": 1551201990
  },
  {
    "id": "a3e9c331-5c15-41a0-b378-7d09baea0a09",
    "data": [
      {
        "text": "How do I leave?",
        "userDefined": false
      }
    ],
    "isTemplate": false,
    "count": 0,
    "updated": 1551201990
  },
  {
    "id": "d61db1e0-faa3-427f-bcd4-51541a7c4946",
    "data": [
      {
        "text": "Which way can I go?",
        "userDefined": false
      }
    ],
    "isTemplate": false,
    "count": 0,
    "updated": 1551201990
  },
  {
    "id": "0669061c-052c-43b2-81d3-ab6b92b75d4f",
    "data": [
      {
        "text": "Where are the exits?",
        "userDefined": false
      }
    ],
    "isTemplate": false,
    "count": 0,
    "updated": 1551201990
  }
]