[
  {
    "id": "5bfbe38f-0317-4b38-ad03-1247bd73a7ed",
    "data": [
      {
        "text": "What are the directions?",
        "userDefined": false
      }
    ],
    "isTemplate": false,
    "count": 0,
    "updated": 1551312493
  },
  {
    "id": "784f5a07-ce0b-4c6a-a7c6-bc849c5dd7d8",
    "data": [
      {
        "text": "Give me directions",
        "userDefined": false
      }
    ],
    "isTemplate": false,
    "count": 0,
    "updated": 1551312493
  },
  {
    "id": "12ff4257-60c4-4831-b9d1-f22cf622b0fa",
    "data": [
      {
        "text": "Where can I go from here?",
        "userDefined": false
      }
    ],
    "isTemplate": false,
    "count": 0,
    "updated": 1551312493
  },
  {
    "id": "97d7173c-e185-4a29-8149-5e9fa8b8afbf",
    "data": [
      {
        "text": "Directions",
        "userDefined": false
      }
    ],
    "isTemplate": false,
    "count": 0,
    "updated": 1551312493
  },
  {
    "id": "f8b987cd-78d3-4b6a-b7da-a777e13a312e",
    "data": [
      {
        "text": "What are the exits?",
        "userDefined": false
      }
    ],
    "isTemplate": false,
    "count": 0,
    "updated": 1551201990
  },
  {
    "id": "9cb359f0-ac5d-4015-8aa6-6b47c71283e4",
    "data": [
      {
        "text": "How do I get out of here?",
        "userDefined": false
      }
    ],
    "isTemplate": false,
    "count": 0,
    "updated": 1551201990
  },
  {
    "id": "feb24798-c28d-4ace-9922-590063b13b19",
    "data": [
      {
        "text": "Where can I go?",
        "userDefined": false
      }
    ],
    "isTemplate": false,
    "count": 0,
    "updated": 1551201990
  },
  {
    "id": "a3e9c331-5c15-41a0-b378-7d09baea0a09",
    "data": [
      {
        "text": "How do I leave?",
        "userDefined": false
      }
    ],
    "isTemplate": false,
    "count": 0,
    "updated": 1551201990
  },
  {
    "id": "d61db1e0-faa3-427f-bcd4-51541a7c4946",
    "data": [
      {
        "text": "Which way can I go?",
        "userDefined": false
      }
    ],
    "isTemplate": false,
    "count": 0,
    "updated": 1551201990
  },
  {
    "id": "0669061c-052c-43b2-81d3-ab6b92b75d4f",
    "data": [
      {
        "text": "Where are the exits?",
        "userDefined": false
      }
    ],
    "isTemplate": false,
    "count": 0,
    "updated": 1551201990
  }
]