[
  {
    "id": "d7000e75-831b-4093-8327-e12d9f4ae994",
    "data": [
      {
        "text": "Unlock trunk",
        "userDefined": false
      }
    ],
    "isTemplate": false,
    "count": 0
  },
  {
    "id": "7c9dab51-c899-465c-9ff4-1f142ef6cf9d",
    "data": [
      {
        "text": "Unlock the trunk",
        "userDefined": false
      }
    ],
    "isTemplate": false,
    "count": 0
  },
  {
    "id": "285a5154-f554-4b75-b095-7a33e9cf8703",
    "data": [
      {
        "text": "Feed the hound",
        "userDefined": false
      }
    ],
    "isTemplate": false,
    "count": 0
  },
  {
    "id": "6efbff84-f521-4a43-8e30-8ed9d3c1974b",
    "data": [
      {
        "text": "Feed the dog",
        "userDefined": false
      }
    ],
    "isTemplate": false,
    "count": 0
  },
  {
    "id": "7bb00f52-2a2b-4092-b865-41fefb693953",
    "data": [
      {
        "text": "Break the lock",
        "userDefined": false
      }
    ],
    "isTemplate": false,
    "count": 0,
    "updated": 1550872642
  },
  {
    "id": "b1050284-0e6f-46f2-98df-7ef1fb0acb13",
    "data": [
      {
        "text": "Break the food",
        "userDefined": false
      }
    ],
    "isTemplate": false,
    "count": 0,
    "updated": 1550872642
  }
]