[
  {
    "id": "496b8926-8165-41b8-ba5d-49e8a2d285be",
    "data": [
      {
        "text": "Give the ",
        "userDefined": false
      },
      {
        "text": "map",
        "alias": "subject",
        "meta": "@sys.any",
        "userDefined": true
      },
      {
        "text": " to the ",
        "userDefined": false
      },
      {
        "text": "goblin",
        "alias": "object",
        "meta": "@sys.any",
        "userDefined": true
      }
    ],
    "isTemplate": false,
    "count": 0,
    "updated": 1551111068
  },
  {
    "id": "5608a218-45d9-451d-9a08-fd77f94974f4",
    "data": [
      {
        "text": "Give my ",
        "userDefined": false
      },
      {
        "text": "gold",
        "alias": "subject",
        "meta": "@sys.any",
        "userDefined": true
      },
      {
        "text": " to the ",
        "userDefined": false
      },
      {
        "text": "innkeeper",
        "alias": "object",
        "meta": "@sys.any",
        "userDefined": true
      }
    ],
    "isTemplate": false,
    "count": 0,
    "updated": 1551111068
  },
  {
    "id": "7fc851d2-54d1-4632-bb65-2b697eb441e8",
    "data": [
      {
        "text": "Give the ",
        "userDefined": false
      },
      {
        "text": "innkeeper",
        "alias": "object",
        "meta": "@sys.any",
        "userDefined": true
      },
      {
        "text": " ",
        "userDefined": false
      },
      {
        "text": "gold",
        "alias": "subject",
        "meta": "@sys.any",
        "userDefined": true
      }
    ],
    "isTemplate": false,
    "count": 0,
    "updated": 1551111068
  },
  {
    "id": "b03285ac-e231-46da-86cf-c6f28d7fc28a",
    "data": [
      {
        "text": "Give ",
        "userDefined": false
      },
      {
        "text": "gold",
        "alias": "subject",
        "meta": "@sys.any",
        "userDefined": true
      },
      {
        "text": " to the ",
        "userDefined": false
      },
      {
        "text": "innkeeper",
        "alias": "object",
        "meta": "@sys.any",
        "userDefined": true
      }
    ],
    "isTemplate": false,
    "count": 0,
    "updated": 1551111068
  },
  {
    "id": "8ca089a0-bf30-4559-95d0-e1d485e82cac",
    "data": [
      {
        "text": "Give the ",
        "userDefined": false
      },
      {
        "text": "mouse",
        "alias": "object",
        "meta": "@sys.any",
        "userDefined": true
      },
      {
        "text": " some ",
        "userDefined": false
      },
      {
        "text": "cheese",
        "alias": "subject",
        "meta": "@sys.any",
        "userDefined": true
      }
    ],
    "isTemplate": false,
    "count": 0,
    "updated": 1551111068
  },
  {
    "id": "cf629963-e49d-458f-bd2b-979f9908bf9f",
    "data": [
      {
        "text": "Give some ",
        "userDefined": false
      },
      {
        "text": "cheese",
        "alias": "subject",
        "meta": "@sys.any",
        "userDefined": true
      },
      {
        "text": " to the ",
        "userDefined": false
      },
      {
        "text": "mouse",
        "alias": "object",
        "meta": "@sys.any",
        "userDefined": true
      }
    ],
    "isTemplate": false,
    "count": 0,
    "updated": 1551110949
  }
]