[
  {
    "id": "1eeafd60-4caf-411f-a38d-e7bae1242f0d",
    "data": [
      {
        "text": "Do I have some ",
        "userDefined": false
      },
      {
        "text": "food",
        "alias": "subject",
        "meta": "@sys.any",
        "userDefined": true
      },
      {
        "text": " in my bag?",
        "userDefined": false
      }
    ],
    "isTemplate": false,
    "count": 0,
    "updated": 1550858085
  },
  {
    "id": "f7d45099-9b3a-4ced-be75-817f87a2943a",
    "data": [
      {
        "text": "Is there a ",
        "userDefined": false
      },
      {
        "text": "stone",
        "alias": "subject",
        "meta": "@sys.any",
        "userDefined": true
      },
      {
        "text": " in my inventory?",
        "userDefined": false
      }
    ],
    "isTemplate": false,
    "count": 0,
    "updated": 1550858085
  },
  {
    "id": "0b44050f-a28a-485f-baad-86a0e2fc1b3f",
    "data": [
      {
        "text": "Am I carrying the ",
        "userDefined": false
      },
      {
        "text": "phone",
        "alias": "subject",
        "meta": "@sys.any",
        "userDefined": true
      },
      {
        "text": "?",
        "userDefined": false
      }
    ],
    "isTemplate": false,
    "count": 0,
    "updated": 1550858085
  },
  {
    "id": "5ac4d49b-1738-4939-a877-25fc22cd420d",
    "data": [
      {
        "text": "Do I have a ",
        "userDefined": false
      },
      {
        "text": "hamburger",
        "alias": "subject",
        "meta": "@sys.any",
        "userDefined": true
      },
      {
        "text": "?",
        "userDefined": false
      }
    ],
    "isTemplate": false,
    "count": 0,
    "updated": 1550858085
  },
  {
    "id": "53002b33-885e-4e9b-8adf-bfd10939e439",
    "data": [
      {
        "text": "What is in my inventory?",
        "userDefined": false
      }
    ],
    "isTemplate": false,
    "count": 0,
    "updated": 1550858085
  },
  {
    "id": "da6188aa-624e-456a-8346-034bac4dd593",
    "data": [
      {
        "text": "What do I have with me?",
        "userDefined": false
      }
    ],
    "isTemplate": false,
    "count": 0,
    "updated": 1550858085
  },
  {
    "id": "aa05ada6-c4f0-4cec-9ca6-0079c59412ae",
    "data": [
      {
        "text": "Carrying",
        "userDefined": false
      }
    ],
    "isTemplate": false,
    "count": 0,
    "updated": 1550858085
  },
  {
    "id": "4b496ba9-ca19-46a3-8661-37aef1e247e5",
    "data": [
      {
        "text": "Pockets",
        "userDefined": false
      }
    ],
    "isTemplate": false,
    "count": 0,
    "updated": 1550858085
  },
  {
    "id": "cc31e678-0bc4-4712-a490-30bc0562c6e5",
    "data": [
      {
        "text": "Bag",
        "userDefined": false
      }
    ],
    "isTemplate": false,
    "count": 0,
    "updated": 1550858085
  },
  {
    "id": "4dcaafb1-6136-4f1c-8673-5295bd208da7",
    "data": [
      {
        "text": "What\u0027s in my bag?",
        "userDefined": false
      }
    ],
    "isTemplate": false,
    "count": 0,
    "updated": 1550858085
  },
  {
    "id": "f55fc9d2-f5d2-4483-9bd9-9c98cb493710",
    "data": [
      {
        "text": "What\u0027s in my pockets?",
        "userDefined": false
      }
    ],
    "isTemplate": false,
    "count": 0,
    "updated": 1550858085
  },
  {
    "id": "d66d7d2b-e62c-40e1-9b1d-d393be505175",
    "data": [
      {
        "text": "Check inventory",
        "userDefined": false
      }
    ],
    "isTemplate": false,
    "count": 0,
    "updated": 1550858085
  },
  {
    "id": "41530466-5016-4eab-b371-417f6b394177",
    "data": [
      {
        "text": "Inventory",
        "userDefined": false
      }
    ],
    "isTemplate": false,
    "count": 0,
    "updated": 1550858085
  },
  {
    "id": "4991bef1-9e2d-4b11-b089-1bcceb8f8075",
    "data": [
      {
        "text": "What am I carrying?",
        "userDefined": false
      }
    ],
    "isTemplate": false,
    "count": 0,
    "updated": 1550858085
  },
  {
    "id": "b2e28400-b7ac-4480-8694-0cc99c7cd50e",
    "data": [
      {
        "text": "What do I have?",
        "userDefined": false
      }
    ],
    "isTemplate": false,
    "count": 0,
    "updated": 1550858085
  }
]