[
  {
    "id": "11043f1c-3865-416c-89b5-8f6b98c15637",
    "data": [
      {
        "text": "What\u0027s in the ",
        "userDefined": false
      },
      {
        "text": "trunk",
        "alias": "subject",
        "meta": "@sys.any",
        "userDefined": true
      },
      {
        "text": "?",
        "userDefined": false
      }
    ],
    "isTemplate": false,
    "count": 0
  },
  {
    "id": "87e655ce-fa47-474f-84c4-502435499314",
    "data": [
      {
        "text": "What\u0027s in the room?",
        "userDefined": false
      }
    ],
    "isTemplate": false,
    "count": 0
  },
  {
    "id": "0514d0db-e3df-453c-babb-9d0ed66d970d",
    "data": [
      {
        "text": "Look at the ",
        "userDefined": false
      },
      {
        "text": "cat",
        "alias": "subject",
        "meta": "@sys.any",
        "userDefined": true
      }
    ],
    "isTemplate": false,
    "count": 0
  },
  {
    "id": "8c86ce3d-8c59-4aee-82ae-7ce63899416b",
    "data": [
      {
        "text": "Where are the ",
        "userDefined": false
      },
      {
        "text": "keys",
        "alias": "subject",
        "meta": "@sys.any",
        "userDefined": true
      },
      {
        "text": "?",
        "userDefined": false
      }
    ],
    "isTemplate": false,
    "count": 0
  },
  {
    "id": "c3a59375-673c-4fa5-8135-b21cb6530d0d",
    "data": [
      {
        "text": "Where is ",
        "userDefined": false
      },
      {
        "text": "camp",
        "alias": "subject",
        "meta": "@sys.any",
        "userDefined": true
      },
      {
        "text": "?",
        "userDefined": false
      }
    ],
    "isTemplate": false,
    "count": 0
  },
  {
    "id": "e2bd4aa0-db5a-456e-b175-187d74b0af4f",
    "data": [
      {
        "text": "Where is the ",
        "userDefined": false
      },
      {
        "text": "milk",
        "alias": "subject",
        "meta": "@sys.any",
        "userDefined": true
      },
      {
        "text": "?",
        "userDefined": false
      }
    ],
    "isTemplate": false,
    "count": 1
  },
  {
    "id": "3f27e938-38de-4462-ab18-fd77961ec7cf",
    "data": [
      {
        "text": "Learn ",
        "userDefined": false
      },
      {
        "text": "song",
        "alias": "subject",
        "meta": "@sys.any",
        "userDefined": true
      }
    ],
    "isTemplate": false,
    "count": 0
  },
  {
    "id": "9a3e5d4f-e356-4329-8141-aaae2d868913",
    "data": [
      {
        "text": "Memorize ",
        "userDefined": false
      },
      {
        "text": "list",
        "alias": "subject",
        "meta": "@sys.any",
        "userDefined": true
      }
    ],
    "isTemplate": false,
    "count": 0
  },
  {
    "id": "aa44cf8a-f556-4cf4-9096-b297b9ebb177",
    "data": [
      {
        "text": "Learn the ",
        "userDefined": false
      },
      {
        "text": "magic spell",
        "alias": "subject",
        "meta": "@sys.any",
        "userDefined": true
      }
    ],
    "isTemplate": false,
    "count": 0
  },
  {
    "id": "7b88093b-6a79-4cb9-9ce7-7142a2abec97",
    "data": [
      {
        "text": "Memorize the ",
        "userDefined": false
      },
      {
        "text": "poem",
        "alias": "subject",
        "meta": "@sys.any",
        "userDefined": true
      }
    ],
    "isTemplate": false,
    "count": 0
  },
  {
    "id": "b8963638-a776-42fa-892c-e35db25e4bac",
    "data": [
      {
        "text": "Where am I?",
        "userDefined": false
      }
    ],
    "isTemplate": false,
    "count": 0
  },
  {
    "id": "5dc89c78-0a10-4c21-bae7-7effb27a981b",
    "data": [
      {
        "text": "Which room am I in?",
        "userDefined": false
      }
    ],
    "isTemplate": false,
    "count": 0
  },
  {
    "id": "c1afe19d-a76a-48e8-a377-a5ad98030ddf",
    "data": [
      {
        "text": "What room am I in?",
        "userDefined": false
      }
    ],
    "isTemplate": false,
    "count": 0
  },
  {
    "id": "6ba671d1-1591-4be0-90f6-0e8d1d9fc5b7",
    "data": [
      {
        "text": "Is there any ",
        "userDefined": false
      },
      {
        "text": "food",
        "alias": "subject",
        "meta": "@sys.any",
        "userDefined": true
      },
      {
        "text": " here?",
        "userDefined": false
      }
    ],
    "isTemplate": false,
    "count": 0
  },
  {
    "id": "631adce2-b9ca-4bbd-aacc-f30dea884fe7",
    "data": [
      {
        "text": "Is there any ",
        "userDefined": false
      },
      {
        "text": "food",
        "alias": "subject",
        "meta": "@sys.any",
        "userDefined": true
      },
      {
        "text": " in the ",
        "userDefined": false
      },
      {
        "text": "fridge",
        "alias": "container",
        "meta": "@sys.any",
        "userDefined": true
      },
      {
        "text": "?",
        "userDefined": false
      }
    ],
    "isTemplate": false,
    "count": 0
  },
  {
    "id": "ff8ef9e1-c17b-4681-a6ae-4efc1ba0bac8",
    "data": [
      {
        "text": "Are there any ",
        "userDefined": false
      },
      {
        "text": "tigers",
        "alias": "subject",
        "meta": "@sys.any",
        "userDefined": true
      },
      {
        "text": " here?",
        "userDefined": false
      }
    ],
    "isTemplate": false,
    "count": 0
  },
  {
    "id": "01ad0f7c-80de-4ee3-8dd9-53afe9e88ba0",
    "data": [
      {
        "text": "Can I see a ",
        "userDefined": false
      },
      {
        "text": "fire",
        "alias": "subject",
        "meta": "@sys.any",
        "userDefined": true
      },
      {
        "text": "?",
        "userDefined": false
      }
    ],
    "isTemplate": false,
    "count": 0
  },
  {
    "id": "c4abfda1-109e-4711-bc52-1a445e30004f",
    "data": [
      {
        "text": "Is there a ",
        "userDefined": false
      },
      {
        "text": "fire",
        "alias": "subject",
        "meta": "@sys.any",
        "userDefined": true
      },
      {
        "text": " in the ",
        "userDefined": false
      },
      {
        "text": "room",
        "alias": "container",
        "meta": "@sys.any",
        "userDefined": true
      },
      {
        "text": "?",
        "userDefined": false
      }
    ],
    "isTemplate": false,
    "count": 0
  },
  {
    "id": "0e01542b-9757-4b9a-a9d0-03d7e6e167ee",
    "data": [
      {
        "text": "Is there a ",
        "userDefined": false
      },
      {
        "text": "fire",
        "alias": "subject",
        "meta": "@sys.any",
        "userDefined": true
      },
      {
        "text": " here?",
        "userDefined": false
      }
    ],
    "isTemplate": false,
    "count": 0
  },
  {
    "id": "7fbb9e2a-83ee-4ee1-b9ba-6f8057bdc503",
    "data": [
      {
        "text": "Is there anything in the ",
        "userDefined": false
      },
      {
        "text": "box",
        "alias": "subject",
        "meta": "@sys.any",
        "userDefined": true
      },
      {
        "text": "?",
        "userDefined": false
      }
    ],
    "isTemplate": false,
    "count": 0
  },
  {
    "id": "9ecf7e09-a995-437b-a483-1ee5b387a070",
    "data": [
      {
        "text": "Search my surroundings",
        "userDefined": false
      }
    ],
    "isTemplate": false,
    "count": 0
  },
  {
    "id": "57520c5d-8fed-40cb-b283-0c61ebaeb874",
    "data": [
      {
        "text": "Describe my surroundings",
        "userDefined": false
      }
    ],
    "isTemplate": false,
    "count": 0
  },
  {
    "id": "cdf4c3ee-299b-4dcd-a23a-af813c1bf577",
    "data": [
      {
        "text": "What does the ",
        "userDefined": false
      },
      {
        "text": "dragon",
        "alias": "subject",
        "meta": "@sys.any",
        "userDefined": true
      },
      {
        "text": " look like?",
        "userDefined": false
      }
    ],
    "isTemplate": false,
    "count": 0
  },
  {
    "id": "3e443dd7-e2fc-4f05-b4ee-8b4a12bef7bc",
    "data": [
      {
        "text": "What do I see in the room?",
        "userDefined": false
      }
    ],
    "isTemplate": false,
    "count": 0
  },
  {
    "id": "4a5388cc-3865-4b38-a48f-44485dc9e392",
    "data": [
      {
        "text": "What do I see on the ",
        "userDefined": false
      },
      {
        "text": "shelf",
        "alias": "subject",
        "meta": "@sys.any",
        "userDefined": true
      },
      {
        "text": "?",
        "userDefined": false
      }
    ],
    "isTemplate": false,
    "count": 0
  },
  {
    "id": "b829bb13-f1ec-4853-b349-750e03178e1c",
    "data": [
      {
        "text": "What\u0027s on the ",
        "userDefined": false
      },
      {
        "text": "shelf",
        "alias": "subject",
        "meta": "@sys.any",
        "userDefined": true
      },
      {
        "text": "?",
        "userDefined": false
      }
    ],
    "isTemplate": false,
    "count": 0
  },
  {
    "id": "e7f9e272-1c7f-4287-95eb-da56f96ff35a",
    "data": [
      {
        "text": "Describe the ",
        "userDefined": false
      },
      {
        "text": "creature",
        "alias": "subject",
        "meta": "@sys.any",
        "userDefined": true
      }
    ],
    "isTemplate": false,
    "count": 0
  },
  {
    "id": "4525323e-fe75-4288-a2f0-5ab39ea61234",
    "data": [
      {
        "text": "Describe the area",
        "userDefined": false
      }
    ],
    "isTemplate": false,
    "count": 0
  },
  {
    "id": "0f6ba4ee-f344-48d8-a1af-01574c9aafd2",
    "data": [
      {
        "text": "Describe the room",
        "userDefined": false
      }
    ],
    "isTemplate": false,
    "count": 0,
    "updated": 1551491706
  },
  {
    "id": "39414751-19fd-4a3a-8745-8d7964cc5108",
    "data": [
      {
        "text": "Study ",
        "userDefined": false
      },
      {
        "text": "text",
        "alias": "subject",
        "meta": "@sys.any",
        "userDefined": true
      }
    ],
    "isTemplate": false,
    "count": 0,
    "updated": 1551892953
  },
  {
    "id": "3545e18b-46fa-4c5f-930d-b53c20a724be",
    "data": [
      {
        "text": "Study the ",
        "userDefined": false
      },
      {
        "text": "writing",
        "alias": "subject",
        "meta": "@sys.any",
        "userDefined": true
      }
    ],
    "isTemplate": false,
    "count": 0,
    "updated": 1551892953
  },
  {
    "id": "9c4c652a-d235-4250-b4f0-209ba75d9ea7",
    "data": [
      {
        "text": "Search the area",
        "userDefined": false
      }
    ],
    "isTemplate": false,
    "count": 0,
    "updated": 1551810024
  },
  {
    "id": "003cfc71-c018-46ab-b4a9-eeee46e3a2b5",
    "data": [
      {
        "text": "What\u0027s the ",
        "userDefined": false
      },
      {
        "text": "monkey",
        "alias": "subject",
        "meta": "@sys.any",
        "userDefined": true
      },
      {
        "text": " look like?",
        "userDefined": false
      }
    ],
    "isTemplate": false,
    "count": 0,
    "updated": 1551801641
  },
  {
    "id": "114b07bc-ba1c-4999-ae9e-856418298eaf",
    "data": [
      {
        "text": "What does the ",
        "userDefined": false
      },
      {
        "text": "pig",
        "alias": "subject",
        "meta": "@sys.any",
        "userDefined": true
      },
      {
        "text": " look like?",
        "userDefined": false
      }
    ],
    "isTemplate": false,
    "count": 0,
    "updated": 1551801641
  },
  {
    "id": "40b1f897-c22e-4cfd-bf83-ff93e3773185",
    "data": [
      {
        "text": "What\u0027s to the ",
        "userDefined": false
      },
      {
        "text": "south",
        "alias": "subject",
        "meta": "@sys.any",
        "userDefined": true
      },
      {
        "text": "?",
        "userDefined": false
      }
    ],
    "isTemplate": false,
    "count": 0,
    "updated": 1551801641
  },
  {
    "id": "4a4f079d-97da-46b5-a897-6c21d35de599",
    "data": [
      {
        "text": "What is ",
        "userDefined": false
      },
      {
        "text": "love",
        "alias": "subject",
        "meta": "@sys.any",
        "userDefined": true
      },
      {
        "text": "?",
        "userDefined": false
      }
    ],
    "isTemplate": false,
    "count": 0,
    "updated": 1551801641
  },
  {
    "id": "05fc0118-67f0-426e-84cc-f7a92c1a4867",
    "data": [
      {
        "text": "What is to the ",
        "userDefined": false
      },
      {
        "text": "west",
        "alias": "subject",
        "meta": "@sys.any",
        "userDefined": true
      },
      {
        "text": "?",
        "userDefined": false
      }
    ],
    "isTemplate": false,
    "count": 0,
    "updated": 1551801641
  },
  {
    "id": "aba48c76-90a1-45f4-8fe7-a005e72ba7d9",
    "data": [
      {
        "text": "What\u0027s in the ",
        "userDefined": false
      },
      {
        "text": "box",
        "alias": "subject",
        "meta": "@sys.any",
        "userDefined": true
      },
      {
        "text": "?",
        "userDefined": false
      }
    ],
    "isTemplate": false,
    "count": 0,
    "updated": 1551801641
  },
  {
    "id": "0c139727-e498-450a-9cc6-2037ccb7fcb4",
    "data": [
      {
        "text": "What is in the ",
        "userDefined": false
      },
      {
        "text": "trunk",
        "alias": "subject",
        "meta": "@sys.any",
        "userDefined": true
      },
      {
        "text": "?",
        "userDefined": false
      }
    ],
    "isTemplate": false,
    "count": 0,
    "updated": 1551801641
  },
  {
    "id": "fee8d0c0-aae2-4b29-829e-5b8f3866b854",
    "data": [
      {
        "text": "What is the ",
        "userDefined": false
      },
      {
        "text": "creature",
        "alias": "subject",
        "meta": "@sys.any",
        "userDefined": true
      },
      {
        "text": "?",
        "userDefined": false
      }
    ],
    "isTemplate": false,
    "count": 0,
    "updated": 1551801641
  },
  {
    "id": "6d15c9be-c0cd-4b13-bb36-4caeacb052f8",
    "data": [
      {
        "text": "Explore the room",
        "userDefined": false
      }
    ],
    "isTemplate": false,
    "count": 0,
    "updated": 1551652967
  },
  {
    "id": "a09afd46-c79f-4f63-a215-2796c1c375e7",
    "data": [
      {
        "text": "Search the room",
        "userDefined": false
      }
    ],
    "isTemplate": false,
    "count": 0,
    "updated": 1551652967
  },
  {
    "id": "5d328544-7d65-410f-a84e-86ee9bf27b13",
    "data": [
      {
        "text": "Investigate ",
        "userDefined": false
      },
      {
        "text": "clues",
        "alias": "subject",
        "meta": "@sys.any",
        "userDefined": true
      }
    ],
    "isTemplate": false,
    "count": 0,
    "updated": 1551652967
  },
  {
    "id": "4d192f1e-102b-4c6c-86db-64e35745ff4c",
    "data": [
      {
        "text": "Investigate the ",
        "userDefined": false
      },
      {
        "text": "desk",
        "alias": "subject",
        "meta": "@sys.any",
        "userDefined": true
      }
    ],
    "isTemplate": false,
    "count": 0,
    "updated": 1551652967
  },
  {
    "id": "294d78b0-4da2-4e06-ad06-de6569cc526b",
    "data": [
      {
        "text": "Check ",
        "userDefined": false
      },
      {
        "text": "account",
        "alias": "subject",
        "meta": "@sys.any",
        "userDefined": true
      }
    ],
    "isTemplate": false,
    "count": 0,
    "updated": 1551652967
  },
  {
    "id": "8bd77d61-9f19-4121-b3b9-2e57e3d043b2",
    "data": [
      {
        "text": "Check the ",
        "userDefined": false
      },
      {
        "text": "fridge",
        "alias": "subject",
        "meta": "@sys.any",
        "userDefined": true
      }
    ],
    "isTemplate": false,
    "count": 0,
    "updated": 1551652967
  },
  {
    "id": "8f808587-231c-41d8-8720-a61188d3cfd4",
    "data": [
      {
        "text": "Look at the room",
        "userDefined": false
      }
    ],
    "isTemplate": false,
    "count": 0,
    "updated": 1551494392
  },
  {
    "id": "0514cf8d-b125-4897-80c1-e2a0be0561f1",
    "data": [
      {
        "text": "Look at room",
        "userDefined": false
      }
    ],
    "isTemplate": false,
    "count": 0,
    "updated": 1551494392
  },
  {
    "id": "f48a58a5-8865-4294-9fad-6ef023fd181f",
    "data": [
      {
        "text": "Look inside the ",
        "userDefined": false
      },
      {
        "text": "envelope",
        "alias": "subject",
        "meta": "@sys.any",
        "userDefined": true
      }
    ],
    "isTemplate": false,
    "count": 0,
    "updated": 1551494392
  },
  {
    "id": "ae793d8a-7d01-46c3-98c6-b50c83c4e0b6",
    "data": [
      {
        "text": "Look inside ",
        "userDefined": false
      },
      {
        "text": "envelope",
        "alias": "subject",
        "meta": "@sys.any",
        "userDefined": true
      }
    ],
    "isTemplate": false,
    "count": 0,
    "updated": 1551494392
  },
  {
    "id": "6c56ad3e-00a8-47ed-85b1-3c878b3982d1",
    "data": [
      {
        "text": "What is in the room?",
        "userDefined": false
      }
    ],
    "isTemplate": false,
    "count": 1,
    "updated": 1550782874
  },
  {
    "id": "4f878e34-ad9f-4369-9df5-9aa589f99afd",
    "data": [
      {
        "text": "What is here?",
        "userDefined": false
      }
    ],
    "isTemplate": false,
    "count": 1,
    "updated": 1550782874
  },
  {
    "id": "932c15cf-afbf-4be9-8d8a-ad764e079bbc",
    "data": [
      {
        "text": "Look around",
        "userDefined": false
      }
    ],
    "isTemplate": false,
    "count": 0,
    "updated": 1550782647
  },
  {
    "id": "308edbcc-b54e-4620-a540-c8426ceeb719",
    "data": [
      {
        "text": "Look around the room",
        "userDefined": false
      }
    ],
    "isTemplate": false,
    "count": 0,
    "updated": 1551491706
  },
  {
    "id": "cf3a544d-aac2-46ad-91f1-e6d1c31046e4",
    "data": [
      {
        "text": "Look in the ",
        "userDefined": false
      },
      {
        "text": "bottle",
        "alias": "subject",
        "meta": "@sys.any",
        "userDefined": true
      }
    ],
    "isTemplate": false,
    "count": 0,
    "updated": 1551312460
  },
  {
    "id": "0cd7463c-7bb2-41d6-bb99-34a10ba49254",
    "data": [
      {
        "text": "Look in ",
        "userDefined": false
      },
      {
        "text": "bottle",
        "alias": "subject",
        "meta": "@sys.any",
        "userDefined": true
      }
    ],
    "isTemplate": false,
    "count": 0,
    "updated": 1551312460
  },
  {
    "id": "f14fc00a-1293-4f8b-b477-2615167a1167",
    "data": [
      {
        "text": "Take a look at the ",
        "userDefined": false
      },
      {
        "text": "photograph",
        "alias": "subject",
        "meta": "@sys.any",
        "userDefined": true
      }
    ],
    "isTemplate": false,
    "count": 0,
    "updated": 1551311520
  },
  {
    "id": "62f7a728-4174-4107-8bb3-3401322881d6",
    "data": [
      {
        "text": "Find some ",
        "userDefined": false
      },
      {
        "text": "evidence",
        "alias": "subject",
        "meta": "@sys.any",
        "userDefined": true
      }
    ],
    "isTemplate": false,
    "count": 0,
    "updated": 1551201810
  },
  {
    "id": "5149afec-9a1a-49a3-8831-8981f10b20ed",
    "data": [
      {
        "text": "Find an ",
        "userDefined": false
      },
      {
        "text": "exit",
        "alias": "subject",
        "meta": "@sys.any",
        "userDefined": true
      }
    ],
    "isTemplate": false,
    "count": 0,
    "updated": 1551201810
  },
  {
    "id": "415e8ea0-4794-4c4f-99af-612c071bbe04",
    "data": [
      {
        "text": "Search for ",
        "userDefined": false
      },
      {
        "text": "keys",
        "alias": "subject",
        "meta": "@sys.any",
        "userDefined": true
      }
    ],
    "isTemplate": false,
    "count": 0,
    "updated": 1551201810
  },
  {
    "id": "8f946065-b609-4fb8-98dd-e56d0c34576a",
    "data": [
      {
        "text": "Look for ",
        "userDefined": false
      },
      {
        "text": "exits",
        "alias": "subject",
        "meta": "@sys.any",
        "userDefined": true
      }
    ],
    "isTemplate": false,
    "count": 0,
    "updated": 1551201810
  },
  {
    "id": "bb4f4917-f5e8-4bc2-95c3-f62369cb5da6",
    "data": [
      {
        "text": "Look down ",
        "userDefined": false
      },
      {
        "text": "hallway",
        "alias": "subject",
        "meta": "@sys.any",
        "userDefined": true
      }
    ],
    "isTemplate": false,
    "count": 0,
    "updated": 1551145489
  },
  {
    "id": "710783e4-7dae-4c14-8d1d-94c18d235cba",
    "data": [
      {
        "text": "Look down the ",
        "userDefined": false
      },
      {
        "text": "well",
        "alias": "subject",
        "meta": "@sys.any",
        "userDefined": true
      }
    ],
    "isTemplate": false,
    "count": 0,
    "updated": 1551145489
  },
  {
    "id": "eed4bdef-b67e-496c-a1da-2baf37f93273",
    "data": [
      {
        "text": "Inspect the ",
        "userDefined": false
      },
      {
        "text": "scroll",
        "alias": "subject",
        "meta": "@sys.any",
        "userDefined": true
      }
    ],
    "isTemplate": false,
    "count": 1,
    "updated": 1550957683
  },
  {
    "id": "e4a11c55-f07c-4298-bab5-025a58cac685",
    "data": [
      {
        "text": "Look at ",
        "userDefined": false
      },
      {
        "text": "cat",
        "alias": "subject",
        "meta": "@sys.any",
        "userDefined": true
      }
    ],
    "isTemplate": false,
    "count": 0,
    "updated": 1550782647
  },
  {
    "id": "71221c50-ea98-439c-85a1-f8e9104c3dbe",
    "data": [
      {
        "text": "Search the ",
        "userDefined": false
      },
      {
        "text": "cabinet",
        "alias": "subject",
        "meta": "@sys.any",
        "userDefined": true
      }
    ],
    "isTemplate": false,
    "count": 0,
    "updated": 1551494392
  },
  {
    "id": "19602b0a-7ef5-4c7c-99cb-2a2eb700a4cf",
    "data": [
      {
        "text": "Search ",
        "userDefined": false
      },
      {
        "text": "cabinet",
        "alias": "subject",
        "meta": "@sys.any",
        "userDefined": true
      }
    ],
    "isTemplate": false,
    "count": 0,
    "updated": 1551494392
  },
  {
    "id": "3479a67f-031d-4dc8-9979-a5f9557805cf",
    "data": [
      {
        "text": "Examine ",
        "userDefined": false
      },
      {
        "text": "toadstool",
        "alias": "subject",
        "meta": "@sys.any",
        "userDefined": true
      }
    ],
    "isTemplate": false,
    "count": 0,
    "updated": 1551300366
  },
  {
    "id": "8f8f03e4-1d3c-42f3-8ae7-c6e24e3bdb3e",
    "data": [
      {
        "text": "Examine the ",
        "userDefined": false
      },
      {
        "text": "shrine",
        "alias": "subject",
        "meta": "@sys.any",
        "userDefined": true
      }
    ],
    "isTemplate": false,
    "count": 0,
    "updated": 1551300366
  },
  {
    "id": "a1268216-b514-4a91-9697-6b6f1b837363",
    "data": [
      {
        "text": "Look at the ",
        "userDefined": false
      },
      {
        "text": "knife",
        "alias": "subject",
        "meta": "@sys.any",
        "userDefined": true
      }
    ],
    "isTemplate": false,
    "count": 0,
    "updated": 1550782647
  },
  {
    "id": "dfa62945-aba8-49c4-8c0a-0047ffaecc62",
    "data": [
      {
        "text": "What does the ",
        "userDefined": false
      },
      {
        "text": "troll",
        "alias": "subject",
        "meta": "@sys.any",
        "userDefined": true
      },
      {
        "text": " look like?",
        "userDefined": false
      }
    ],
    "isTemplate": false,
    "count": 0,
    "updated": 1550782647
  },
  {
    "id": "99322031-34b7-4e5b-b1a1-e37233bb55f0",
    "data": [
      {
        "text": "Read the ",
        "userDefined": false
      },
      {
        "text": "book",
        "alias": "subject",
        "meta": "@sys.any",
        "userDefined": true
      }
    ],
    "isTemplate": false,
    "count": 0,
    "updated": 1550782647
  },
  {
    "id": "59a4d343-29df-43d3-9bd3-26d57bffdc52",
    "data": [
      {
        "text": "Look ",
        "userDefined": false
      },
      {
        "text": "key",
        "alias": "subject",
        "meta": "@sys.any",
        "userDefined": true
      }
    ],
    "isTemplate": false,
    "count": 0,
    "updated": 1550782647
  },
  {
    "id": "defe30f7-d216-4208-a52b-d6243225c18c",
    "data": [
      {
        "text": "Stare at the ",
        "userDefined": false
      },
      {
        "text": "man",
        "alias": "subject",
        "meta": "@sys.any",
        "userDefined": true
      }
    ],
    "isTemplate": false,
    "count": 0,
    "updated": 1550782647
  },
  {
    "id": "be3b0b0d-43b8-48ac-8431-45437cdca2ed",
    "data": [
      {
        "text": "What do I see?",
        "userDefined": false
      }
    ],
    "isTemplate": false,
    "count": 0,
    "updated": 1550782647
  },
  {
    "id": "99b9f05e-80af-4a66-99d5-6441f432b2f0",
    "data": [
      {
        "text": "Look at the ",
        "userDefined": false
      },
      {
        "text": "book",
        "alias": "subject",
        "meta": "@sys.any",
        "userDefined": true
      }
    ],
    "isTemplate": false,
    "count": 0,
    "updated": 1550782647
  },
  {
    "id": "9b697a29-453c-4f7e-b378-4d7c93570a6a",
    "data": [
      {
        "text": "Check the room",
        "userDefined": false
      }
    ],
    "isTemplate": false,
    "count": 1,
    "updated": 1550782647
  }
]