[
  {
    "id": "9c4c652a-d235-4250-b4f0-209ba75d9ea7",
    "data": [
      {
        "text": "Search the area",
        "userDefined": false
      }
    ],
    "isTemplate": false,
    "count": 0,
    "updated": 1551810024
  },
  {
    "id": "003cfc71-c018-46ab-b4a9-eeee46e3a2b5",
    "data": [
      {
        "text": "What\u0027s the ",
        "userDefined": false
      },
      {
        "text": "monkey",
        "alias": "subject",
        "meta": "@sys.any",
        "userDefined": true
      },
      {
        "text": " look like?",
        "userDefined": false
      }
    ],
    "isTemplate": false,
    "count": 0,
    "updated": 1551801641
  },
  {
    "id": "114b07bc-ba1c-4999-ae9e-856418298eaf",
    "data": [
      {
        "text": "What does the ",
        "userDefined": false
      },
      {
        "text": "pig",
        "alias": "subject",
        "meta": "@sys.any",
        "userDefined": true
      },
      {
        "text": " look like?",
        "userDefined": false
      }
    ],
    "isTemplate": false,
    "count": 0,
    "updated": 1551801641
  },
  {
    "id": "40b1f897-c22e-4cfd-bf83-ff93e3773185",
    "data": [
      {
        "text": "What\u0027s to the ",
        "userDefined": false
      },
      {
        "text": "south",
        "alias": "subject",
        "meta": "@sys.any",
        "userDefined": true
      },
      {
        "text": "?",
        "userDefined": false
      }
    ],
    "isTemplate": false,
    "count": 0,
    "updated": 1551801641
  },
  {
    "id": "4a4f079d-97da-46b5-a897-6c21d35de599",
    "data": [
      {
        "text": "What is ",
        "userDefined": false
      },
      {
        "text": "love",
        "alias": "subject",
        "meta": "@sys.any",
        "userDefined": true
      },
      {
        "text": "?",
        "userDefined": false
      }
    ],
    "isTemplate": false,
    "count": 0,
    "updated": 1551801641
  },
  {
    "id": "05fc0118-67f0-426e-84cc-f7a92c1a4867",
    "data": [
      {
        "text": "What is to the ",
        "userDefined": false
      },
      {
        "text": "west",
        "alias": "subject",
        "meta": "@sys.any",
        "userDefined": true
      },
      {
        "text": "?",
        "userDefined": false
      }
    ],
    "isTemplate": false,
    "count": 0,
    "updated": 1551801641
  },
  {
    "id": "aba48c76-90a1-45f4-8fe7-a005e72ba7d9",
    "data": [
      {
        "text": "What\u0027s in the ",
        "userDefined": false
      },
      {
        "text": "box",
        "alias": "subject",
        "meta": "@sys.any",
        "userDefined": true
      },
      {
        "text": "?",
        "userDefined": false
      }
    ],
    "isTemplate": false,
    "count": 0,
    "updated": 1551801641
  },
  {
    "id": "0c139727-e498-450a-9cc6-2037ccb7fcb4",
    "data": [
      {
        "text": "What is in the ",
        "userDefined": false
      },
      {
        "text": "trunk",
        "alias": "subject",
        "meta": "@sys.any",
        "userDefined": true
      },
      {
        "text": "?",
        "userDefined": false
      }
    ],
    "isTemplate": false,
    "count": 0,
    "updated": 1551801641
  },
  {
    "id": "fee8d0c0-aae2-4b29-829e-5b8f3866b854",
    "data": [
      {
        "text": "What is the ",
        "userDefined": false
      },
      {
        "text": "creature",
        "alias": "subject",
        "meta": "@sys.any",
        "userDefined": true
      },
      {
        "text": "?",
        "userDefined": false
      }
    ],
    "isTemplate": false,
    "count": 0,
    "updated": 1551801641
  },
  {
    "id": "6d15c9be-c0cd-4b13-bb36-4caeacb052f8",
    "data": [
      {
        "text": "Explore the room",
        "userDefined": false
      }
    ],
    "isTemplate": false,
    "count": 0,
    "updated": 1551652967
  },
  {
    "id": "a09afd46-c79f-4f63-a215-2796c1c375e7",
    "data": [
      {
        "text": "Search the room",
        "userDefined": false
      }
    ],
    "isTemplate": false,
    "count": 0,
    "updated": 1551652967
  },
  {
    "id": "5d328544-7d65-410f-a84e-86ee9bf27b13",
    "data": [
      {
        "text": "Investigate ",
        "userDefined": false
      },
      {
        "text": "clues",
        "alias": "subject",
        "meta": "@sys.any",
        "userDefined": true
      }
    ],
    "isTemplate": false,
    "count": 0,
    "updated": 1551652967
  },
  {
    "id": "4d192f1e-102b-4c6c-86db-64e35745ff4c",
    "data": [
      {
        "text": "Investigate the ",
        "userDefined": false
      },
      {
        "text": "desk",
        "alias": "subject",
        "meta": "@sys.any",
        "userDefined": true
      }
    ],
    "isTemplate": false,
    "count": 0,
    "updated": 1551652967
  },
  {
    "id": "294d78b0-4da2-4e06-ad06-de6569cc526b",
    "data": [
      {
        "text": "Check ",
        "userDefined": false
      },
      {
        "text": "account",
        "alias": "subject",
        "meta": "@sys.any",
        "userDefined": true
      }
    ],
    "isTemplate": false,
    "count": 0,
    "updated": 1551652967
  },
  {
    "id": "8bd77d61-9f19-4121-b3b9-2e57e3d043b2",
    "data": [
      {
        "text": "Check the ",
        "userDefined": false
      },
      {
        "text": "fridge",
        "alias": "subject",
        "meta": "@sys.any",
        "userDefined": true
      }
    ],
    "isTemplate": false,
    "count": 0,
    "updated": 1551652967
  },
  {
    "id": "8f808587-231c-41d8-8720-a61188d3cfd4",
    "data": [
      {
        "text": "Look at the room",
        "userDefined": false
      }
    ],
    "isTemplate": false,
    "count": 0,
    "updated": 1551494392
  },
  {
    "id": "0514cf8d-b125-4897-80c1-e2a0be0561f1",
    "data": [
      {
        "text": "Look at room",
        "userDefined": false
      }
    ],
    "isTemplate": false,
    "count": 0,
    "updated": 1551494392
  },
  {
    "id": "f48a58a5-8865-4294-9fad-6ef023fd181f",
    "data": [
      {
        "text": "Look inside the ",
        "userDefined": false
      },
      {
        "text": "envelope",
        "alias": "subject",
        "meta": "@sys.any",
        "userDefined": true
      }
    ],
    "isTemplate": false,
    "count": 0,
    "updated": 1551494392
  },
  {
    "id": "ae793d8a-7d01-46c3-98c6-b50c83c4e0b6",
    "data": [
      {
        "text": "Look inside ",
        "userDefined": false
      },
      {
        "text": "envelope",
        "alias": "subject",
        "meta": "@sys.any",
        "userDefined": true
      }
    ],
    "isTemplate": false,
    "count": 0,
    "updated": 1551494392
  },
  {
    "id": "6c56ad3e-00a8-47ed-85b1-3c878b3982d1",
    "data": [
      {
        "text": "What is in the room?",
        "userDefined": false
      }
    ],
    "isTemplate": false,
    "count": 1,
    "updated": 1550782874
  },
  {
    "id": "4f878e34-ad9f-4369-9df5-9aa589f99afd",
    "data": [
      {
        "text": "What is here?",
        "userDefined": false
      }
    ],
    "isTemplate": false,
    "count": 0,
    "updated": 1550782874
  },
  {
    "id": "0f6ba4ee-f344-48d8-a1af-01574c9aafd2",
    "data": [
      {
        "text": "Describe the room",
        "userDefined": false
      }
    ],
    "isTemplate": false,
    "count": 0,
    "updated": 1551491706
  },
  {
    "id": "932c15cf-afbf-4be9-8d8a-ad764e079bbc",
    "data": [
      {
        "text": "Look around",
        "userDefined": false
      }
    ],
    "isTemplate": false,
    "count": 0,
    "updated": 1550782647
  },
  {
    "id": "308edbcc-b54e-4620-a540-c8426ceeb719",
    "data": [
      {
        "text": "Look around the room",
        "userDefined": false
      }
    ],
    "isTemplate": false,
    "count": 0,
    "updated": 1551491706
  },
  {
    "id": "cf3a544d-aac2-46ad-91f1-e6d1c31046e4",
    "data": [
      {
        "text": "Look in the ",
        "userDefined": false
      },
      {
        "text": "bottle",
        "alias": "subject",
        "meta": "@sys.any",
        "userDefined": true
      }
    ],
    "isTemplate": false,
    "count": 0,
    "updated": 1551312460
  },
  {
    "id": "0cd7463c-7bb2-41d6-bb99-34a10ba49254",
    "data": [
      {
        "text": "Look in ",
        "userDefined": false
      },
      {
        "text": "bottle",
        "alias": "subject",
        "meta": "@sys.any",
        "userDefined": true
      }
    ],
    "isTemplate": false,
    "count": 0,
    "updated": 1551312460
  },
  {
    "id": "f14fc00a-1293-4f8b-b477-2615167a1167",
    "data": [
      {
        "text": "Take a look at the ",
        "userDefined": false
      },
      {
        "text": "photograph",
        "alias": "subject",
        "meta": "@sys.any",
        "userDefined": true
      }
    ],
    "isTemplate": false,
    "count": 0,
    "updated": 1551311520
  },
  {
    "id": "62f7a728-4174-4107-8bb3-3401322881d6",
    "data": [
      {
        "text": "Find some ",
        "userDefined": false
      },
      {
        "text": "evidence",
        "alias": "subject",
        "meta": "@sys.any",
        "userDefined": true
      }
    ],
    "isTemplate": false,
    "count": 0,
    "updated": 1551201810
  },
  {
    "id": "5149afec-9a1a-49a3-8831-8981f10b20ed",
    "data": [
      {
        "text": "Find an ",
        "userDefined": false
      },
      {
        "text": "exit",
        "alias": "subject",
        "meta": "@sys.any",
        "userDefined": true
      }
    ],
    "isTemplate": false,
    "count": 0,
    "updated": 1551201810
  },
  {
    "id": "415e8ea0-4794-4c4f-99af-612c071bbe04",
    "data": [
      {
        "text": "Search for ",
        "userDefined": false
      },
      {
        "text": "keys",
        "alias": "subject",
        "meta": "@sys.any",
        "userDefined": true
      }
    ],
    "isTemplate": false,
    "count": 0,
    "updated": 1551201810
  },
  {
    "id": "8f946065-b609-4fb8-98dd-e56d0c34576a",
    "data": [
      {
        "text": "Look for ",
        "userDefined": false
      },
      {
        "text": "exits",
        "alias": "subject",
        "meta": "@sys.any",
        "userDefined": true
      }
    ],
    "isTemplate": false,
    "count": 0,
    "updated": 1551201810
  },
  {
    "id": "bb4f4917-f5e8-4bc2-95c3-f62369cb5da6",
    "data": [
      {
        "text": "Look down ",
        "userDefined": false
      },
      {
        "text": "hallway",
        "alias": "subject",
        "meta": "@sys.any",
        "userDefined": true
      }
    ],
    "isTemplate": false,
    "count": 0,
    "updated": 1551145489
  },
  {
    "id": "710783e4-7dae-4c14-8d1d-94c18d235cba",
    "data": [
      {
        "text": "Look down the ",
        "userDefined": false
      },
      {
        "text": "well",
        "alias": "subject",
        "meta": "@sys.any",
        "userDefined": true
      }
    ],
    "isTemplate": false,
    "count": 0,
    "updated": 1551145489
  },
  {
    "id": "eed4bdef-b67e-496c-a1da-2baf37f93273",
    "data": [
      {
        "text": "Inspect the ",
        "userDefined": false
      },
      {
        "text": "scroll",
        "alias": "subject",
        "meta": "@sys.any",
        "userDefined": true
      }
    ],
    "isTemplate": false,
    "count": 1,
    "updated": 1550957683
  },
  {
    "id": "e4a11c55-f07c-4298-bab5-025a58cac685",
    "data": [
      {
        "text": "Look at ",
        "userDefined": false
      },
      {
        "text": "cat",
        "alias": "subject",
        "meta": "@sys.any",
        "userDefined": true
      }
    ],
    "isTemplate": false,
    "count": 0,
    "updated": 1550782647
  },
  {
    "id": "71221c50-ea98-439c-85a1-f8e9104c3dbe",
    "data": [
      {
        "text": "Search the ",
        "userDefined": false
      },
      {
        "text": "cabinet",
        "alias": "subject",
        "meta": "@sys.any",
        "userDefined": true
      }
    ],
    "isTemplate": false,
    "count": 0,
    "updated": 1551494392
  },
  {
    "id": "19602b0a-7ef5-4c7c-99cb-2a2eb700a4cf",
    "data": [
      {
        "text": "Search ",
        "userDefined": false
      },
      {
        "text": "cabinet",
        "alias": "subject",
        "meta": "@sys.any",
        "userDefined": true
      }
    ],
    "isTemplate": false,
    "count": 0,
    "updated": 1551494392
  },
  {
    "id": "3479a67f-031d-4dc8-9979-a5f9557805cf",
    "data": [
      {
        "text": "Examine ",
        "userDefined": false
      },
      {
        "text": "toadstool",
        "alias": "subject",
        "meta": "@sys.any",
        "userDefined": true
      }
    ],
    "isTemplate": false,
    "count": 0,
    "updated": 1551300366
  },
  {
    "id": "8f8f03e4-1d3c-42f3-8ae7-c6e24e3bdb3e",
    "data": [
      {
        "text": "Examine the ",
        "userDefined": false
      },
      {
        "text": "shrine",
        "alias": "subject",
        "meta": "@sys.any",
        "userDefined": true
      }
    ],
    "isTemplate": false,
    "count": 0,
    "updated": 1551300366
  },
  {
    "id": "a1268216-b514-4a91-9697-6b6f1b837363",
    "data": [
      {
        "text": "Look at the ",
        "userDefined": false
      },
      {
        "text": "knife",
        "alias": "subject",
        "meta": "@sys.any",
        "userDefined": true
      }
    ],
    "isTemplate": false,
    "count": 0,
    "updated": 1550782647
  },
  {
    "id": "dfa62945-aba8-49c4-8c0a-0047ffaecc62",
    "data": [
      {
        "text": "What does the ",
        "userDefined": false
      },
      {
        "text": "troll",
        "alias": "subject",
        "meta": "@sys.any",
        "userDefined": true
      },
      {
        "text": " look like?",
        "userDefined": false
      }
    ],
    "isTemplate": false,
    "count": 0,
    "updated": 1550782647
  },
  {
    "id": "99322031-34b7-4e5b-b1a1-e37233bb55f0",
    "data": [
      {
        "text": "Read the ",
        "userDefined": false
      },
      {
        "text": "book",
        "alias": "subject",
        "meta": "@sys.any",
        "userDefined": true
      }
    ],
    "isTemplate": false,
    "count": 0,
    "updated": 1550782647
  },
  {
    "id": "59a4d343-29df-43d3-9bd3-26d57bffdc52",
    "data": [
      {
        "text": "Look ",
        "userDefined": false
      },
      {
        "text": "key",
        "alias": "subject",
        "meta": "@sys.any",
        "userDefined": true
      }
    ],
    "isTemplate": false,
    "count": 0,
    "updated": 1550782647
  },
  {
    "id": "defe30f7-d216-4208-a52b-d6243225c18c",
    "data": [
      {
        "text": "Stare at the ",
        "userDefined": false
      },
      {
        "text": "man",
        "alias": "subject",
        "meta": "@sys.any",
        "userDefined": true
      }
    ],
    "isTemplate": false,
    "count": 0,
    "updated": 1550782647
  },
  {
    "id": "be3b0b0d-43b8-48ac-8431-45437cdca2ed",
    "data": [
      {
        "text": "What do I see?",
        "userDefined": false
      }
    ],
    "isTemplate": false,
    "count": 0,
    "updated": 1550782647
  },
  {
    "id": "99b9f05e-80af-4a66-99d5-6441f432b2f0",
    "data": [
      {
        "text": "Look at the ",
        "userDefined": false
      },
      {
        "text": "book",
        "alias": "subject",
        "meta": "@sys.any",
        "userDefined": true
      }
    ],
    "isTemplate": false,
    "count": 0,
    "updated": 1550782647
  },
  {
    "id": "9b697a29-453c-4f7e-b378-4d7c93570a6a",
    "data": [
      {
        "text": "Check the room",
        "userDefined": false
      }
    ],
    "isTemplate": false,
    "count": 1,
    "updated": 1550782647
  }
]