[
  {
    "id": "bb973685-456f-42b2-a562-557020cdb314",
    "data": [
      {
        "text": "sneak ",
        "userDefined": false
      },
      {
        "text": "north",
        "alias": "subject",
        "meta": "@direction",
        "userDefined": false
      }
    ],
    "isTemplate": false,
    "count": 0,
    "updated": 1550804701
  },
  {
    "id": "7a2cd605-ca4b-4370-80e2-b724fd02bd55",
    "data": [
      {
        "text": "I travel ",
        "userDefined": false
      },
      {
        "text": "south",
        "alias": "subject",
        "meta": "@direction",
        "userDefined": false
      }
    ],
    "isTemplate": false,
    "count": 0,
    "updated": 1550804701
  },
  {
    "id": "45982d15-ee77-40df-ba60-b53c918df6ce",
    "data": [
      {
        "text": "I want to go ",
        "userDefined": false
      },
      {
        "text": "west",
        "alias": "subject",
        "meta": "@direction",
        "userDefined": false
      }
    ],
    "isTemplate": false,
    "count": 0,
    "updated": 1550804701
  },
  {
    "id": "4b200740-50c6-48cd-8ab1-05a1b422673c",
    "data": [
      {
        "text": "I walk ",
        "userDefined": false
      },
      {
        "text": "east",
        "alias": "subject",
        "meta": "@direction",
        "userDefined": false
      }
    ],
    "isTemplate": false,
    "count": 0,
    "updated": 1550804701
  },
  {
    "id": "630b4220-ed87-4442-83fe-35704589b41f",
    "data": [
      {
        "text": "walk ",
        "userDefined": false
      },
      {
        "text": "east",
        "alias": "subject",
        "meta": "@direction",
        "userDefined": false
      }
    ],
    "isTemplate": false,
    "count": 0,
    "updated": 1550804701
  },
  {
    "id": "bffe77c7-6660-4863-89bc-5130467a2668",
    "data": [
      {
        "text": "head ",
        "userDefined": false
      },
      {
        "text": "west",
        "alias": "subject",
        "meta": "@direction",
        "userDefined": true
      }
    ],
    "isTemplate": false,
    "count": 0,
    "updated": 1550804701
  },
  {
    "id": "f7cab6d5-b40e-4101-bc85-79517d71d6d6",
    "data": [
      {
        "text": "east",
        "alias": "subject",
        "meta": "@direction",
        "userDefined": false
      }
    ],
    "isTemplate": false,
    "count": 0,
    "updated": 1550770990
  },
  {
    "id": "0e579c54-4ab5-486e-9ca3-1a43e9235fd5",
    "data": [
      {
        "text": "north",
        "alias": "subject",
        "meta": "@direction",
        "userDefined": false
      }
    ],
    "isTemplate": false,
    "count": 0,
    "updated": 1550770990
  },
  {
    "id": "4c7b6835-bf94-40e2-a826-d02af1b76dbc",
    "data": [
      {
        "text": "move ",
        "userDefined": false
      },
      {
        "text": "south",
        "alias": "subject",
        "meta": "@direction",
        "userDefined": false
      }
    ],
    "isTemplate": false,
    "count": 0,
    "updated": 1550770990
  },
  {
    "id": "8362b02c-f590-4275-bff7-d5f5249baa9e",
    "data": [
      {
        "text": "I go ",
        "userDefined": false
      },
      {
        "text": "west",
        "alias": "subject",
        "meta": "@direction",
        "userDefined": false
      }
    ],
    "isTemplate": false,
    "count": 0,
    "updated": 1550770990
  },
  {
    "id": "9e605b9d-23ed-43ba-bcdc-d1549a9746f1",
    "data": [
      {
        "text": "travel ",
        "userDefined": false
      },
      {
        "text": "west",
        "alias": "subject",
        "meta": "@direction",
        "userDefined": false
      }
    ],
    "isTemplate": false,
    "count": 0,
    "updated": 1550770990
  },
  {
    "id": "6ad23f04-8498-46e3-9ad7-d3578b349a51",
    "data": [
      {
        "text": "go ",
        "userDefined": false
      },
      {
        "text": "north",
        "alias": "subject",
        "meta": "@direction",
        "userDefined": false
      }
    ],
    "isTemplate": false,
    "count": 0,
    "updated": 1550770990
  }
]