[
  {
    "id": "cd5e168a-1e36-4b25-98db-290e215df248",
    "data": [
      {
        "text": "Head down the ",
        "userDefined": false
      },
      {
        "text": "path",
        "alias": "subject",
        "meta": "@sys.any",
        "userDefined": true
      }
    ],
    "isTemplate": false,
    "count": 0,
    "updated": 1551145402
  },
  {
    "id": "f4b80a6e-9e67-45ef-b13e-f6958b47aae5",
    "data": [
      {
        "text": "Head down ",
        "userDefined": false
      },
      {
        "text": "well",
        "alias": "subject",
        "meta": "@sys.any",
        "userDefined": true
      }
    ],
    "isTemplate": false,
    "count": 0,
    "updated": 1551145402
  },
  {
    "id": "8f8b812e-4c98-4b48-9cdc-83748b141f90",
    "data": [
      {
        "text": "Walk down ",
        "userDefined": false
      },
      {
        "text": "passage",
        "alias": "subject",
        "meta": "@sys.any",
        "userDefined": true
      }
    ],
    "isTemplate": false,
    "count": 0,
    "updated": 1551145402
  },
  {
    "id": "047d98c1-196c-473f-b759-5e6b8c2c6994",
    "data": [
      {
        "text": "Go down ",
        "userDefined": false
      },
      {
        "text": "hallway",
        "alias": "subject",
        "meta": "@sys.any",
        "userDefined": true
      }
    ],
    "isTemplate": false,
    "count": 0,
    "updated": 1551145402
  },
  {
    "id": "5cb96757-7228-4910-969e-5139b9a1d7c8",
    "data": [
      {
        "text": "Walk down the ",
        "userDefined": false
      },
      {
        "text": "hall",
        "alias": "subject",
        "meta": "@sys.any",
        "userDefined": true
      }
    ],
    "isTemplate": false,
    "count": 0,
    "updated": 1551145402
  },
  {
    "id": "eb7d9940-489f-4875-9ec4-56a7c841965e",
    "data": [
      {
        "text": "Go down the ",
        "userDefined": false
      },
      {
        "text": "hall",
        "alias": "subject",
        "meta": "@sys.any",
        "userDefined": true
      }
    ],
    "isTemplate": false,
    "count": 0,
    "updated": 1551145402
  },
  {
    "id": "d686010c-9775-4b8d-b410-caa08d547b27",
    "data": [
      {
        "text": "Go into the ",
        "userDefined": false
      },
      {
        "text": "pantry",
        "alias": "subject",
        "meta": "@sys.any",
        "userDefined": true
      }
    ],
    "isTemplate": false,
    "count": 0,
    "updated": 1550805592
  },
  {
    "id": "3e4b13e3-9bf4-4142-9135-c431edc55f72",
    "data": [
      {
        "text": "Walk through the ",
        "userDefined": false
      },
      {
        "text": "door",
        "alias": "subject",
        "meta": "@sys.any",
        "userDefined": true
      }
    ],
    "isTemplate": false,
    "count": 0,
    "updated": 1550805592
  },
  {
    "id": "971462ab-40ef-4f3d-9b97-c2539362ecc0",
    "data": [
      {
        "text": "Enter the ",
        "userDefined": false
      },
      {
        "text": "pantry",
        "alias": "subject",
        "meta": "@sys.any",
        "userDefined": true
      }
    ],
    "isTemplate": false,
    "count": 0,
    "updated": 1550805592
  },
  {
    "id": "f85d6df1-852c-4657-8270-3ce399493f2b",
    "data": [
      {
        "text": "Go through the ",
        "userDefined": false
      },
      {
        "text": "door",
        "alias": "subject",
        "meta": "@sys.any",
        "userDefined": true
      }
    ],
    "isTemplate": false,
    "count": 0,
    "updated": 1550805592
  }
]