[
  {
    "id": "d9c70cdf-dc5d-43bd-8730-e4c954ba2d23",
    "data": [
      {
        "text": "Jump into ",
        "userDefined": false
      },
      {
        "text": "pool",
        "alias": "subject",
        "meta": "@sys.any",
        "userDefined": true
      }
    ],
    "isTemplate": false,
    "count": 0
  },
  {
    "id": "4f16b6c6-2f65-4e55-b8cf-33d607308041",
    "data": [
      {
        "text": "Jump in the ",
        "userDefined": false
      },
      {
        "text": "pool",
        "alias": "subject",
        "meta": "@sys.any",
        "userDefined": true
      }
    ],
    "isTemplate": false,
    "count": 0
  },
  {
    "id": "5125657f-8b4a-4568-9188-ceed7f3bacf5",
    "data": [
      {
        "text": "Jump into the ",
        "userDefined": false
      },
      {
        "text": "pool",
        "alias": "subject",
        "meta": "@sys.any",
        "userDefined": true
      }
    ],
    "isTemplate": false,
    "count": 0
  },
  {
    "id": "4e4e113a-1e71-4121-bfc3-59ebec6ec6ec",
    "data": [
      {
        "text": "Get in ",
        "userDefined": false
      },
      {
        "text": "car",
        "alias": "subject",
        "meta": "@sys.any",
        "userDefined": true
      }
    ],
    "isTemplate": false,
    "count": 0
  },
  {
    "id": "3b78780e-4752-41af-8f24-6f68e5ef0309",
    "data": [
      {
        "text": "Get in the ",
        "userDefined": false
      },
      {
        "text": "car",
        "alias": "subject",
        "meta": "@sys.any",
        "userDefined": true
      }
    ],
    "isTemplate": false,
    "count": 0
  },
  {
    "id": "a97e2773-dcb0-4cef-82dd-d46db9001a9b",
    "data": [
      {
        "text": "Crawl through ",
        "userDefined": false
      },
      {
        "text": "hole",
        "alias": "subject",
        "meta": "@sys.any",
        "userDefined": true
      }
    ],
    "isTemplate": false,
    "count": 0
  },
  {
    "id": "12e26b2b-d91f-4109-9487-237f87a0bfc7",
    "data": [
      {
        "text": "Crawl through the ",
        "userDefined": false
      },
      {
        "text": "hole",
        "alias": "subject",
        "meta": "@sys.any",
        "userDefined": true
      }
    ],
    "isTemplate": false,
    "count": 0
  },
  {
    "id": "394cfaf6-4717-41c6-8503-2dd0bccc0645",
    "data": [
      {
        "text": "Walk down ",
        "userDefined": false
      },
      {
        "text": "hall",
        "alias": "subject",
        "meta": "@sys.any",
        "userDefined": true
      }
    ],
    "isTemplate": false,
    "count": 0
  },
  {
    "id": "5cb96757-7228-4910-969e-5139b9a1d7c8",
    "data": [
      {
        "text": "Walk down the ",
        "userDefined": false
      },
      {
        "text": "hall",
        "alias": "subject",
        "meta": "@sys.any",
        "userDefined": true
      }
    ],
    "isTemplate": false,
    "count": 0,
    "updated": 1551145402
  },
  {
    "id": "8f9c4c2e-66de-4194-9a2b-0277fa0b089e",
    "data": [
      {
        "text": "Continue down ",
        "userDefined": false
      },
      {
        "text": "tunnel",
        "alias": "subject",
        "meta": "@sys.any",
        "userDefined": true
      }
    ],
    "isTemplate": false,
    "count": 0
  },
  {
    "id": "f26e2b18-49b2-4c7e-8fdf-f2fd7ff75a01",
    "data": [
      {
        "text": "Continue down the ",
        "userDefined": false
      },
      {
        "text": "tunnel",
        "alias": "subject",
        "meta": "@sys.any",
        "userDefined": true
      }
    ],
    "isTemplate": false,
    "count": 0
  },
  {
    "id": "34b6f838-cb4b-46c0-aee0-b3191821b969",
    "data": [
      {
        "text": "Go back to ",
        "userDefined": false
      },
      {
        "text": "bed",
        "alias": "subject",
        "meta": "@sys.any",
        "userDefined": true
      }
    ],
    "isTemplate": false,
    "count": 0
  },
  {
    "id": "61b1784b-2b85-4fda-b5eb-8f3d137b3382",
    "data": [
      {
        "text": "Go back to the ",
        "userDefined": false
      },
      {
        "text": "cabin",
        "alias": "subject",
        "meta": "@sys.any",
        "userDefined": true
      }
    ],
    "isTemplate": false,
    "count": 0
  },
  {
    "id": "aa40b5ca-6a02-459d-a58c-228e99fb04d5",
    "data": [
      {
        "text": "Go inside ",
        "userDefined": false
      },
      {
        "text": "cellar",
        "alias": "subject",
        "meta": "@sys.any",
        "userDefined": true
      }
    ],
    "isTemplate": false,
    "count": 0
  },
  {
    "id": "3928a380-a8e3-4041-9c59-b671899eb520",
    "data": [
      {
        "text": "Go inside the ",
        "userDefined": false
      },
      {
        "text": "cellar",
        "alias": "subject",
        "meta": "@sys.any",
        "userDefined": true
      }
    ],
    "isTemplate": false,
    "count": 0
  },
  {
    "id": "8725caab-197d-4b8b-87d0-04f619cb9c46",
    "data": [
      {
        "text": "Go in ",
        "userDefined": false
      },
      {
        "text": "pool",
        "alias": "subject",
        "meta": "@sys.any",
        "userDefined": true
      }
    ],
    "isTemplate": false,
    "count": 0
  },
  {
    "id": "2a61d647-52d4-44ea-80ac-edcd51a7a111",
    "data": [
      {
        "text": "Go in the ",
        "userDefined": false
      },
      {
        "text": "cage",
        "alias": "subject",
        "meta": "@sys.any",
        "userDefined": true
      }
    ],
    "isTemplate": false,
    "count": 0
  },
  {
    "id": "29f4a709-b379-468b-9b24-cdeae79ea14b",
    "data": [
      {
        "text": "Get into the ",
        "userDefined": false
      },
      {
        "text": "pool",
        "alias": "subject",
        "meta": "@sys.any",
        "userDefined": true
      }
    ],
    "isTemplate": false,
    "count": 0,
    "updated": 1551210214
  },
  {
    "id": "68c27878-47ff-4869-ab15-0e5590e5139d",
    "data": [
      {
        "text": "Get on the ",
        "userDefined": false
      },
      {
        "text": "table",
        "alias": "subject",
        "meta": "@sys.any",
        "userDefined": true
      }
    ],
    "isTemplate": false,
    "count": 0,
    "updated": 1551210214
  },
  {
    "id": "18b542b9-ed0f-4905-aaf1-e211f0efc5dd",
    "data": [
      {
        "text": "Get into ",
        "userDefined": false
      },
      {
        "text": "cage",
        "alias": "subject",
        "meta": "@sys.any",
        "userDefined": true
      }
    ],
    "isTemplate": false,
    "count": 0,
    "updated": 1551210214
  },
  {
    "id": "cd5e168a-1e36-4b25-98db-290e215df248",
    "data": [
      {
        "text": "Head down the ",
        "userDefined": false
      },
      {
        "text": "path",
        "alias": "subject",
        "meta": "@sys.any",
        "userDefined": true
      }
    ],
    "isTemplate": false,
    "count": 0,
    "updated": 1551145402
  },
  {
    "id": "f4b80a6e-9e67-45ef-b13e-f6958b47aae5",
    "data": [
      {
        "text": "Head down ",
        "userDefined": false
      },
      {
        "text": "well",
        "alias": "subject",
        "meta": "@sys.any",
        "userDefined": true
      }
    ],
    "isTemplate": false,
    "count": 0,
    "updated": 1551145402
  },
  {
    "id": "8f8b812e-4c98-4b48-9cdc-83748b141f90",
    "data": [
      {
        "text": "Walk down ",
        "userDefined": false
      },
      {
        "text": "passage",
        "alias": "subject",
        "meta": "@sys.any",
        "userDefined": true
      }
    ],
    "isTemplate": false,
    "count": 0,
    "updated": 1551145402
  },
  {
    "id": "047d98c1-196c-473f-b759-5e6b8c2c6994",
    "data": [
      {
        "text": "Go down ",
        "userDefined": false
      },
      {
        "text": "hallway",
        "alias": "subject",
        "meta": "@sys.any",
        "userDefined": true
      }
    ],
    "isTemplate": false,
    "count": 1,
    "updated": 1551145402
  },
  {
    "id": "eb7d9940-489f-4875-9ec4-56a7c841965e",
    "data": [
      {
        "text": "Go down the ",
        "userDefined": false
      },
      {
        "text": "hall",
        "alias": "subject",
        "meta": "@sys.any",
        "userDefined": true
      }
    ],
    "isTemplate": false,
    "count": 0,
    "updated": 1551145402
  },
  {
    "id": "d686010c-9775-4b8d-b410-caa08d547b27",
    "data": [
      {
        "text": "Go into the ",
        "userDefined": false
      },
      {
        "text": "pantry",
        "alias": "subject",
        "meta": "@sys.any",
        "userDefined": true
      }
    ],
    "isTemplate": false,
    "count": 0,
    "updated": 1550805592
  },
  {
    "id": "de41c490-fede-4cc3-ade9-d094870b5c81",
    "data": [
      {
        "text": "Approach the ",
        "userDefined": false
      },
      {
        "text": "lion",
        "alias": "subject",
        "meta": "@sys.any",
        "userDefined": true
      }
    ],
    "isTemplate": false,
    "count": 0,
    "updated": 1551718593
  },
  {
    "id": "74e834de-a9d4-44e7-a79f-62da7706ca72",
    "data": [
      {
        "text": "Walk to ",
        "userDefined": false
      },
      {
        "text": "desk",
        "alias": "subject",
        "meta": "@sys.any",
        "userDefined": true
      }
    ],
    "isTemplate": false,
    "count": 0,
    "updated": 1551718593
  },
  {
    "id": "d9a9a9fb-dee5-4ea2-b1ae-b5a85b8fafb6",
    "data": [
      {
        "text": "Walk to the ",
        "userDefined": false
      },
      {
        "text": "pot",
        "alias": "subject",
        "meta": "@sys.any",
        "userDefined": true
      }
    ],
    "isTemplate": false,
    "count": 0,
    "updated": 1551718593
  },
  {
    "id": "eaaf33df-b5fb-410a-8bd6-ef6826438dd6",
    "data": [
      {
        "text": "Go to ",
        "userDefined": false
      },
      {
        "text": "refrigerator",
        "alias": "subject",
        "meta": "@sys.any",
        "userDefined": true
      }
    ],
    "isTemplate": false,
    "count": 0,
    "updated": 1551718593
  },
  {
    "id": "10cf5bcb-5fce-4250-84a2-b1e00c20b9d6",
    "data": [
      {
        "text": "Go to the ",
        "userDefined": false
      },
      {
        "text": "cage",
        "alias": "subject",
        "meta": "@sys.any",
        "userDefined": true
      }
    ],
    "isTemplate": false,
    "count": 0,
    "updated": 1551718593
  },
  {
    "id": "3e4b13e3-9bf4-4142-9135-c431edc55f72",
    "data": [
      {
        "text": "Walk through the ",
        "userDefined": false
      },
      {
        "text": "door",
        "alias": "subject",
        "meta": "@sys.any",
        "userDefined": true
      }
    ],
    "isTemplate": false,
    "count": 0,
    "updated": 1550805592
  },
  {
    "id": "971462ab-40ef-4f3d-9b97-c2539362ecc0",
    "data": [
      {
        "text": "Enter the ",
        "userDefined": false
      },
      {
        "text": "pantry",
        "alias": "subject",
        "meta": "@sys.any",
        "userDefined": true
      }
    ],
    "isTemplate": false,
    "count": 0,
    "updated": 1550805592
  },
  {
    "id": "f85d6df1-852c-4657-8270-3ce399493f2b",
    "data": [
      {
        "text": "Go through the ",
        "userDefined": false
      },
      {
        "text": "door",
        "alias": "subject",
        "meta": "@sys.any",
        "userDefined": true
      }
    ],
    "isTemplate": false,
    "count": 0,
    "updated": 1550805592
  }
]