[
  {
    "id": "fdd2d5ca-844c-4169-9678-93bc854f6489",
    "data": [
      {
        "text": "Repeat description",
        "userDefined": false
      }
    ],
    "isTemplate": false,
    "count": 0,
    "updated": 1551282643
  },
  {
    "id": "441d9442-90a0-4f31-8edd-783193d0628d",
    "data": [
      {
        "text": "What?",
        "userDefined": false
      }
    ],
    "isTemplate": false,
    "count": 0,
    "updated": 1551282643
  },
  {
    "id": "a1918a52-9ff9-40e8-a111-7ae05e0eb78c",
    "data": [
      {
        "text": "I didn\u0027t hear that",
        "userDefined": false
      }
    ],
    "isTemplate": false,
    "count": 0,
    "updated": 1551282643
  },
  {
    "id": "34a5a09e-deb6-49f2-9493-95b8ae13508a",
    "data": [
      {
        "text": "Say that again",
        "userDefined": false
      }
    ],
    "isTemplate": false,
    "count": 0,
    "updated": 1551282643
  },
  {
    "id": "394cad5d-689f-44b0-b3f5-19ffe3a8b7fb",
    "data": [
      {
        "text": "Repeat  last message",
        "userDefined": false
      }
    ],
    "isTemplate": false,
    "count": 0,
    "updated": 1551282643
  },
  {
    "id": "85bc4bd1-df6a-47b4-9ca3-dbf1a04fdd29",
    "data": [
      {
        "text": "Say again",
        "userDefined": false
      }
    ],
    "isTemplate": false,
    "count": 0,
    "updated": 1551282643
  },
  {
    "id": "18329228-bc53-4966-9141-51c0cfad7992",
    "data": [
      {
        "text": "Repeat yourself",
        "userDefined": false
      }
    ],
    "isTemplate": false,
    "count": 0,
    "updated": 1551282643
  },
  {
    "id": "3aa2f8f3-2663-4884-8b6f-0256e00af9bd",
    "data": [
      {
        "text": "Can you repeat that?",
        "userDefined": false
      }
    ],
    "isTemplate": false,
    "count": 0,
    "updated": 1551282643
  },
  {
    "id": "81c1917e-9135-4e70-b041-4f07e178603b",
    "data": [
      {
        "text": "What was that?",
        "userDefined": false
      }
    ],
    "isTemplate": false,
    "count": 0,
    "updated": 1551282643
  },
  {
    "id": "61809e4a-6829-465d-acfc-16f2fec0f6d8",
    "data": [
      {
        "text": "What did you say?",
        "userDefined": false
      }
    ],
    "isTemplate": false,
    "count": 0,
    "updated": 1551282643
  },
  {
    "id": "3998cc1e-cb67-4380-b770-18466c6893af",
    "data": [
      {
        "text": "Repeat that",
        "userDefined": false
      }
    ],
    "isTemplate": false,
    "count": 0,
    "updated": 1551282643
  }
]