[
  {
    "id": "fbf151c7-4700-45b9-a657-8a3d1a7af8a9",
    "data": [
      {
        "text": "Pry off a ",
        "userDefined": false
      },
      {
        "text": "board",
        "alias": "subject",
        "meta": "@sys.any",
        "userDefined": true
      }
    ],
    "isTemplate": false,
    "count": 0
  },
  {
    "id": "17c32e44-c1a2-4b42-abb5-1aab5d1ca146",
    "data": [
      {
        "text": "Pry off the ",
        "userDefined": false
      },
      {
        "text": "boards",
        "alias": "subject",
        "meta": "@sys.any",
        "userDefined": true
      }
    ],
    "isTemplate": false,
    "count": 1
  },
  {
    "id": "15863d2c-54a6-44db-a07e-2bc2d1c6788a",
    "data": [
      {
        "text": "Remove the ",
        "userDefined": false
      },
      {
        "text": "boards",
        "alias": "subject",
        "meta": "@sys.any",
        "userDefined": true
      }
    ],
    "isTemplate": false,
    "count": 0
  },
  {
    "id": "473cc898-2be3-4925-95cf-3f455b85f25b",
    "data": [
      {
        "text": "Grab ",
        "userDefined": false
      },
      {
        "text": "stone",
        "alias": "subject",
        "meta": "@sys.any",
        "userDefined": true
      },
      {
        "text": " from ",
        "userDefined": false
      },
      {
        "text": "trunk",
        "alias": "container",
        "meta": "@sys.any",
        "userDefined": true
      }
    ],
    "isTemplate": false,
    "count": 0
  },
  {
    "id": "62c078f5-7fad-4064-84a1-2696e703d3b2",
    "data": [
      {
        "text": "Grab a ",
        "userDefined": false
      },
      {
        "text": "stone",
        "alias": "subject",
        "meta": "@sys.any",
        "userDefined": true
      },
      {
        "text": " from the ",
        "userDefined": false
      },
      {
        "text": "trunk",
        "alias": "container",
        "meta": "@sys.any",
        "userDefined": true
      }
    ],
    "isTemplate": false,
    "count": 0
  },
  {
    "id": "87473db6-72b6-4252-bbe2-8c924b4930a6",
    "data": [
      {
        "text": "Grab ",
        "userDefined": false
      },
      {
        "text": "stone",
        "alias": "subject",
        "meta": "@sys.any",
        "userDefined": true
      },
      {
        "text": " from the ",
        "userDefined": false
      },
      {
        "text": "trunk",
        "alias": "container",
        "meta": "@sys.any",
        "userDefined": true
      }
    ],
    "isTemplate": false,
    "count": 0
  },
  {
    "id": "3353f6b0-9539-4c47-bd77-248f59386249",
    "data": [
      {
        "text": "Grab some of the ",
        "userDefined": false
      },
      {
        "text": "cherries",
        "alias": "subject",
        "meta": "@sys.any",
        "userDefined": true
      }
    ],
    "isTemplate": false,
    "count": 0
  },
  {
    "id": "df1cb104-4fd9-4074-8330-d8db0965e680",
    "data": [
      {
        "text": "Take some of the ",
        "userDefined": false
      },
      {
        "text": "cherries",
        "alias": "subject",
        "meta": "@sys.any",
        "userDefined": true
      }
    ],
    "isTemplate": false,
    "count": 0
  },
  {
    "id": "43a74c4c-1cac-460b-8fab-d905a6805fa1",
    "data": [
      {
        "text": "Collect the ",
        "userDefined": false
      },
      {
        "text": "taxes",
        "alias": "subject",
        "meta": "@sys.any",
        "userDefined": true
      }
    ],
    "isTemplate": false,
    "count": 0
  },
  {
    "id": "978c7c43-dce6-4310-a046-12cc7632bc77",
    "data": [
      {
        "text": "Collect some ",
        "userDefined": false
      },
      {
        "text": "taxes",
        "alias": "subject",
        "meta": "@sys.any",
        "userDefined": true
      }
    ],
    "isTemplate": false,
    "count": 0
  },
  {
    "id": "c799e4be-0301-4c9b-923a-282819c15c5a",
    "data": [
      {
        "text": "Collect ",
        "userDefined": false
      },
      {
        "text": "taxes",
        "alias": "subject",
        "meta": "@sys.any",
        "userDefined": true
      }
    ],
    "isTemplate": false,
    "count": 0
  },
  {
    "id": "da306687-6c3c-48f1-923b-e27ff2d2d241",
    "data": [
      {
        "text": "Pick ",
        "userDefined": false
      },
      {
        "text": "strawberries",
        "alias": "subject",
        "meta": "@sys.any",
        "userDefined": true
      }
    ],
    "isTemplate": false,
    "count": 0
  },
  {
    "id": "aee2088e-3dc8-4ae0-bd2f-bfa34c47c43c",
    "data": [
      {
        "text": "Pick some ",
        "userDefined": false
      },
      {
        "text": "strawberries",
        "alias": "subject",
        "meta": "@sys.any",
        "userDefined": true
      }
    ],
    "isTemplate": false,
    "count": 0
  },
  {
    "id": "670a133a-2aee-471c-a847-5a183603d0b8",
    "data": [
      {
        "text": "Wear ",
        "userDefined": false
      },
      {
        "text": "onesie",
        "alias": "subject",
        "meta": "@sys.any",
        "userDefined": true
      }
    ],
    "isTemplate": false,
    "count": 0,
    "updated": 1551820204
  },
  {
    "id": "e8ebc145-0520-4203-9cf7-72c46cb9782b",
    "data": [
      {
        "text": "Wear my ",
        "userDefined": false
      },
      {
        "text": "shoes",
        "alias": "subject",
        "meta": "@sys.any",
        "userDefined": true
      }
    ],
    "isTemplate": false,
    "count": 0,
    "updated": 1551820204
  },
  {
    "id": "911db43d-c15e-45bb-b31d-d68df06cde9d",
    "data": [
      {
        "text": "Put on ",
        "userDefined": false
      },
      {
        "text": "backpack",
        "alias": "subject",
        "meta": "@sys.any",
        "userDefined": true
      }
    ],
    "isTemplate": false,
    "count": 0,
    "updated": 1551820204
  },
  {
    "id": "073eaea7-f51e-407b-8b5b-83072c539ca4",
    "data": [
      {
        "text": "Wear the ",
        "userDefined": false
      },
      {
        "text": "hat",
        "alias": "subject",
        "meta": "@sys.any",
        "userDefined": true
      }
    ],
    "isTemplate": false,
    "count": 0,
    "updated": 1551820204
  },
  {
    "id": "0bbecac0-b738-46f5-8160-402ba8674523",
    "data": [
      {
        "text": "Put on my ",
        "userDefined": false
      },
      {
        "text": "helmet",
        "alias": "subject",
        "meta": "@sys.any",
        "userDefined": true
      }
    ],
    "isTemplate": false,
    "count": 0,
    "updated": 1551820204
  },
  {
    "id": "46500af8-748b-4b20-8487-91991c05c67e",
    "data": [
      {
        "text": "Put on the ",
        "userDefined": false
      },
      {
        "text": "jacket",
        "alias": "subject",
        "meta": "@sys.any",
        "userDefined": true
      }
    ],
    "isTemplate": false,
    "count": 0,
    "updated": 1551820204
  },
  {
    "id": "18ce9ed1-b7b3-4a4a-ad5d-14a80bca584f",
    "data": [
      {
        "text": "Get a ",
        "userDefined": false
      },
      {
        "text": "burrito",
        "alias": "subject",
        "meta": "@sys.any",
        "userDefined": true
      },
      {
        "text": " from the ",
        "userDefined": false
      },
      {
        "text": "fridge",
        "alias": "container",
        "meta": "@sys.any",
        "userDefined": true
      }
    ],
    "isTemplate": false,
    "count": 0,
    "updated": 1551720683
  },
  {
    "id": "78816364-a88d-4b74-b2ca-e4891aa8e1f7",
    "data": [
      {
        "text": "Take a ",
        "userDefined": false
      },
      {
        "text": "stone",
        "alias": "subject",
        "meta": "@sys.any",
        "userDefined": true
      },
      {
        "text": " from the ",
        "userDefined": false
      },
      {
        "text": "trunk",
        "alias": "container",
        "meta": "@sys.any",
        "userDefined": true
      }
    ],
    "isTemplate": false,
    "count": 0,
    "updated": 1551720683
  },
  {
    "id": "30c3ba9b-997e-47b0-93a1-cc6d0f8b7669",
    "data": [
      {
        "text": "Steal the ",
        "userDefined": false
      },
      {
        "text": "key",
        "alias": "subject",
        "meta": "@sys.any",
        "userDefined": true
      },
      {
        "text": " from the ",
        "userDefined": false
      },
      {
        "text": "guard",
        "alias": "container",
        "meta": "@sys.any",
        "userDefined": true
      }
    ],
    "isTemplate": false,
    "count": 0,
    "updated": 1551720683
  },
  {
    "id": "4b7f9dfb-5b6c-4605-8e3e-8ce61cd2d936",
    "data": [
      {
        "text": "Take the ",
        "userDefined": false
      },
      {
        "text": "bone",
        "alias": "subject",
        "meta": "@sys.any",
        "userDefined": true
      },
      {
        "text": " from the ",
        "userDefined": false
      },
      {
        "text": "dog",
        "alias": "container",
        "meta": "@sys.any",
        "userDefined": true
      }
    ],
    "isTemplate": false,
    "count": 0,
    "updated": 1551720683
  },
  {
    "id": "cfd1f33e-3aa3-47e3-a4c7-90979e99379c",
    "data": [
      {
        "text": "Catch the ",
        "userDefined": false
      },
      {
        "text": "ball",
        "alias": "subject",
        "meta": "@sys.any",
        "userDefined": true
      }
    ],
    "isTemplate": false,
    "count": 0,
    "updated": 1551387986
  },
  {
    "id": "5fbadb81-6ab9-4479-9160-9ff813cc213d",
    "data": [
      {
        "text": "Catch a ",
        "userDefined": false
      },
      {
        "text": "fish",
        "alias": "subject",
        "meta": "@sys.any",
        "userDefined": true
      }
    ],
    "isTemplate": false,
    "count": 0,
    "updated": 1551387986
  },
  {
    "id": "c1b68607-67a8-487c-b58d-5d9c7c60a2b2",
    "data": [
      {
        "text": "Chase the ",
        "userDefined": false
      },
      {
        "text": "ducks",
        "alias": "subject",
        "meta": "@sys.any",
        "userDefined": true
      }
    ],
    "isTemplate": false,
    "count": 0,
    "updated": 1551387986
  },
  {
    "id": "4e874ae4-6055-4184-95e9-6ebc3fcb221e",
    "data": [
      {
        "text": "Chase a ",
        "userDefined": false
      },
      {
        "text": "seagull",
        "alias": "subject",
        "meta": "@sys.any",
        "userDefined": true
      }
    ],
    "isTemplate": false,
    "count": 0,
    "updated": 1551387986
  },
  {
    "id": "38a14d1a-6d85-4d90-9742-f7013b71e674",
    "data": [
      {
        "text": "Follow the ",
        "userDefined": false
      },
      {
        "text": "snails",
        "alias": "subject",
        "meta": "@sys.any",
        "userDefined": true
      }
    ],
    "isTemplate": false,
    "count": 0,
    "updated": 1551387986
  },
  {
    "id": "fc6490f2-aa1b-4774-ae99-01d017128c67",
    "data": [
      {
        "text": "get one of the ",
        "userDefined": false
      },
      {
        "text": "mushrooms",
        "alias": "subject",
        "meta": "@sys.any",
        "userDefined": true
      }
    ],
    "isTemplate": false,
    "count": 0,
    "updated": 1550861167
  },
  {
    "id": "d5fd9bfd-81d2-41d3-9ab2-a9fa290b4fba",
    "data": [
      {
        "text": "pick up one of the ",
        "userDefined": false
      },
      {
        "text": "gnomes",
        "alias": "subject",
        "meta": "@sys.any",
        "userDefined": true
      }
    ],
    "isTemplate": false,
    "count": 0,
    "updated": 1550861167
  },
  {
    "id": "47dbeffa-388a-458b-aafb-ee524d1ea01d",
    "data": [
      {
        "text": "Take one of the ",
        "userDefined": false
      },
      {
        "text": "grapes",
        "alias": "subject",
        "meta": "@sys.any",
        "userDefined": true
      }
    ],
    "isTemplate": false,
    "count": 0,
    "updated": 1550860012
  },
  {
    "id": "3e902952-23e7-4fe6-8dab-79f41ffbcd89",
    "data": [
      {
        "text": "Pick up the ",
        "userDefined": false
      },
      {
        "text": "chair",
        "alias": "subject",
        "meta": "@sys.any",
        "userDefined": true
      }
    ],
    "isTemplate": false,
    "count": 0,
    "updated": 1550860012
  },
  {
    "id": "44a66a91-e3c8-4200-8c4a-5ea5ce802d9b",
    "data": [
      {
        "text": "take another ",
        "userDefined": false
      },
      {
        "text": "cup",
        "alias": "subject",
        "meta": "@sys.any",
        "userDefined": true
      }
    ],
    "isTemplate": false,
    "count": 0,
    "updated": 1550792886
  },
  {
    "id": "3b742593-f0da-4201-a087-65b97aa0785c",
    "data": [
      {
        "text": "get another ",
        "userDefined": false
      },
      {
        "text": "dollar",
        "alias": "subject",
        "meta": "@sys.any",
        "userDefined": true
      }
    ],
    "isTemplate": false,
    "count": 0,
    "updated": 1550792886
  },
  {
    "id": "79254bf7-9fc0-4548-96de-7632a1ce2e08",
    "data": [
      {
        "text": "take more ",
        "userDefined": false
      },
      {
        "text": "chocolate",
        "alias": "subject",
        "meta": "@sys.any",
        "userDefined": true
      }
    ],
    "isTemplate": false,
    "count": 0,
    "updated": 1550792886
  },
  {
    "id": "60f184ae-fbb1-46c6-98df-e052a86ecdb0",
    "data": [
      {
        "text": "I take a ",
        "userDefined": false
      },
      {
        "text": "coffee",
        "alias": "subject",
        "meta": "@sys.any",
        "userDefined": true
      }
    ],
    "isTemplate": false,
    "count": 0,
    "updated": 1550790010
  },
  {
    "id": "14945a80-44f1-41e6-9f90-1a0f72ed748a",
    "data": [
      {
        "text": "Get a ",
        "userDefined": false
      },
      {
        "text": "knife",
        "alias": "subject",
        "meta": "@sys.any",
        "userDefined": true
      }
    ],
    "isTemplate": false,
    "count": 0,
    "updated": 1550790010
  },
  {
    "id": "7d35c04c-3c83-4c9d-acda-5191be4fe9af",
    "data": [
      {
        "text": "Take a ",
        "userDefined": false
      },
      {
        "text": "candy",
        "alias": "subject",
        "meta": "@sys.any",
        "userDefined": true
      }
    ],
    "isTemplate": false,
    "count": 0,
    "updated": 1550790010
  },
  {
    "id": "e2d56356-0329-4a54-a119-25e6ba650e5b",
    "data": [
      {
        "text": "I get the ",
        "userDefined": false
      },
      {
        "text": "lamp",
        "alias": "subject",
        "meta": "@sys.any",
        "userDefined": true
      }
    ],
    "isTemplate": false,
    "count": 0,
    "updated": 1550770981
  },
  {
    "id": "240aff27-13ac-41bd-a626-8eafc24ec198",
    "data": [
      {
        "text": "Grab the ",
        "userDefined": false
      },
      {
        "text": "chair",
        "alias": "subject",
        "meta": "@sys.any",
        "userDefined": true
      }
    ],
    "isTemplate": false,
    "count": 0,
    "updated": 1550770981
  },
  {
    "id": "c0359706-cdbb-4878-aa47-f2815b78b49a",
    "data": [
      {
        "text": "grab ",
        "userDefined": false
      },
      {
        "text": "lamp",
        "alias": "subject",
        "meta": "@sys.any",
        "userDefined": true
      }
    ],
    "isTemplate": false,
    "count": 0,
    "updated": 1550770981
  },
  {
    "id": "7d95d68c-2f7c-4f6a-93e6-c595782a9d75",
    "data": [
      {
        "text": "Get ",
        "userDefined": false
      },
      {
        "text": "knife",
        "alias": "subject",
        "meta": "@sys.any",
        "userDefined": true
      }
    ],
    "isTemplate": false,
    "count": 0,
    "updated": 1550770981
  },
  {
    "id": "eca193de-e6ce-40ad-a9d3-37dddfe6844a",
    "data": [
      {
        "text": "get the ",
        "userDefined": false
      },
      {
        "text": "magic wand",
        "alias": "subject",
        "meta": "@sys.any",
        "userDefined": true
      }
    ],
    "isTemplate": false,
    "count": 0,
    "updated": 1550770981
  },
  {
    "id": "cdd08077-387f-4bbe-95d9-ef87eea6ebdc",
    "data": [
      {
        "text": "i take the ",
        "userDefined": false
      },
      {
        "text": "potion",
        "alias": "subject",
        "meta": "@sys.any",
        "userDefined": true
      }
    ],
    "isTemplate": false,
    "count": 0,
    "updated": 1550770981
  },
  {
    "id": "78e286a7-1ba4-4aef-8e3b-6ac2eee3b7c9",
    "data": [
      {
        "text": "take the ",
        "userDefined": false
      },
      {
        "text": "key",
        "alias": "subject",
        "meta": "@sys.any",
        "userDefined": true
      }
    ],
    "isTemplate": false,
    "count": 0,
    "updated": 1550770981
  }
]