[
  {
    "id": "fc6490f2-aa1b-4774-ae99-01d017128c67",
    "data": [
      {
        "text": "get one of the ",
        "userDefined": false
      },
      {
        "text": "mushrooms",
        "alias": "subject",
        "meta": "@sys.any",
        "userDefined": true
      }
    ],
    "isTemplate": false,
    "count": 0,
    "updated": 1550861167
  },
  {
    "id": "d5fd9bfd-81d2-41d3-9ab2-a9fa290b4fba",
    "data": [
      {
        "text": "pick up one of the ",
        "userDefined": false
      },
      {
        "text": "gnomes",
        "alias": "subject",
        "meta": "@sys.any",
        "userDefined": true
      }
    ],
    "isTemplate": false,
    "count": 0,
    "updated": 1550861167
  },
  {
    "id": "47dbeffa-388a-458b-aafb-ee524d1ea01d",
    "data": [
      {
        "text": "Take one of the ",
        "userDefined": false
      },
      {
        "text": "grapes",
        "alias": "subject",
        "meta": "@sys.any",
        "userDefined": true
      }
    ],
    "isTemplate": false,
    "count": 0,
    "updated": 1550860012
  },
  {
    "id": "3e902952-23e7-4fe6-8dab-79f41ffbcd89",
    "data": [
      {
        "text": "Pick up the ",
        "userDefined": false
      },
      {
        "text": "chair",
        "alias": "subject",
        "meta": "@sys.any",
        "userDefined": true
      }
    ],
    "isTemplate": false,
    "count": 0,
    "updated": 1550860012
  },
  {
    "id": "44a66a91-e3c8-4200-8c4a-5ea5ce802d9b",
    "data": [
      {
        "text": "take another ",
        "userDefined": false
      },
      {
        "text": "cup",
        "alias": "subject",
        "meta": "@sys.any",
        "userDefined": true
      }
    ],
    "isTemplate": false,
    "count": 0,
    "updated": 1550792886
  },
  {
    "id": "3b742593-f0da-4201-a087-65b97aa0785c",
    "data": [
      {
        "text": "get another ",
        "userDefined": false
      },
      {
        "text": "dollar",
        "alias": "subject",
        "meta": "@sys.any",
        "userDefined": true
      }
    ],
    "isTemplate": false,
    "count": 0,
    "updated": 1550792886
  },
  {
    "id": "79254bf7-9fc0-4548-96de-7632a1ce2e08",
    "data": [
      {
        "text": "take more ",
        "userDefined": false
      },
      {
        "text": "chocolate",
        "alias": "subject",
        "meta": "@sys.any",
        "userDefined": true
      }
    ],
    "isTemplate": false,
    "count": 0,
    "updated": 1550792886
  },
  {
    "id": "60f184ae-fbb1-46c6-98df-e052a86ecdb0",
    "data": [
      {
        "text": "I take a ",
        "userDefined": false
      },
      {
        "text": "coffee",
        "alias": "subject",
        "meta": "@sys.any",
        "userDefined": true
      }
    ],
    "isTemplate": false,
    "count": 0,
    "updated": 1550790010
  },
  {
    "id": "14945a80-44f1-41e6-9f90-1a0f72ed748a",
    "data": [
      {
        "text": "Get a ",
        "userDefined": false
      },
      {
        "text": "knife",
        "alias": "subject",
        "meta": "@sys.any",
        "userDefined": true
      }
    ],
    "isTemplate": false,
    "count": 0,
    "updated": 1550790010
  },
  {
    "id": "7d35c04c-3c83-4c9d-acda-5191be4fe9af",
    "data": [
      {
        "text": "Take a ",
        "userDefined": false
      },
      {
        "text": "candy",
        "alias": "subject",
        "meta": "@sys.any",
        "userDefined": true
      }
    ],
    "isTemplate": false,
    "count": 0,
    "updated": 1550790010
  },
  {
    "id": "e2d56356-0329-4a54-a119-25e6ba650e5b",
    "data": [
      {
        "text": "I get the ",
        "userDefined": false
      },
      {
        "text": "lamp",
        "alias": "subject",
        "meta": "@sys.any",
        "userDefined": true
      }
    ],
    "isTemplate": false,
    "count": 0,
    "updated": 1550770981
  },
  {
    "id": "240aff27-13ac-41bd-a626-8eafc24ec198",
    "data": [
      {
        "text": "Grab the ",
        "userDefined": false
      },
      {
        "text": "chair",
        "alias": "subject",
        "meta": "@sys.any",
        "userDefined": true
      }
    ],
    "isTemplate": false,
    "count": 0,
    "updated": 1550770981
  },
  {
    "id": "c0359706-cdbb-4878-aa47-f2815b78b49a",
    "data": [
      {
        "text": "grab ",
        "userDefined": false
      },
      {
        "text": "lamp",
        "alias": "subject",
        "meta": "@sys.any",
        "userDefined": true
      }
    ],
    "isTemplate": false,
    "count": 0,
    "updated": 1550770981
  },
  {
    "id": "7d95d68c-2f7c-4f6a-93e6-c595782a9d75",
    "data": [
      {
        "text": "Get ",
        "userDefined": false
      },
      {
        "text": "knife",
        "alias": "subject",
        "meta": "@sys.any",
        "userDefined": true
      }
    ],
    "isTemplate": false,
    "count": 0,
    "updated": 1550770981
  },
  {
    "id": "eca193de-e6ce-40ad-a9d3-37dddfe6844a",
    "data": [
      {
        "text": "get the ",
        "userDefined": false
      },
      {
        "text": "magic wand",
        "alias": "subject",
        "meta": "@sys.any",
        "userDefined": true
      }
    ],
    "isTemplate": false,
    "count": 0,
    "updated": 1550770981
  },
  {
    "id": "cdd08077-387f-4bbe-95d9-ef87eea6ebdc",
    "data": [
      {
        "text": "i take the ",
        "userDefined": false
      },
      {
        "text": "potion",
        "alias": "subject",
        "meta": "@sys.any",
        "userDefined": true
      }
    ],
    "isTemplate": false,
    "count": 0,
    "updated": 1550770981
  },
  {
    "id": "78e286a7-1ba4-4aef-8e3b-6ac2eee3b7c9",
    "data": [
      {
        "text": "take the ",
        "userDefined": false
      },
      {
        "text": "key",
        "alias": "subject",
        "meta": "@sys.any",
        "userDefined": true
      }
    ],
    "isTemplate": false,
    "count": 0,
    "updated": 1550770981
  }
]