[
  {
    "id": "501fba55-7b65-4bf4-9b90-a3abe8f8ced6",
    "data": [
      {
        "text": "greet ",
        "userDefined": false
      },
      {
        "text": "toad",
        "alias": "subject",
        "meta": "@sys.any",
        "userDefined": true
      }
    ],
    "isTemplate": false,
    "count": 0,
    "updated": 1550771001
  },
  {
    "id": "b2d93761-6efe-4ad5-b594-d90ea5b6084d",
    "data": [
      {
        "text": "greet the ",
        "userDefined": false
      },
      {
        "text": "man",
        "alias": "subject",
        "meta": "@sys.any",
        "userDefined": true
      }
    ],
    "isTemplate": false,
    "count": 0,
    "updated": 1550872378
  },
  {
    "id": "b0ceddb9-5859-4387-b33e-b16cf22867e7",
    "data": [
      {
        "text": "speak ",
        "userDefined": false
      },
      {
        "text": "knight",
        "alias": "subject",
        "meta": "@sys.any",
        "userDefined": true
      }
    ],
    "isTemplate": false,
    "count": 0,
    "updated": 1550771001
  },
  {
    "id": "fcfe0a6f-c30e-43af-927f-69fcced9af32",
    "data": [
      {
        "text": "speak to the ",
        "userDefined": false
      },
      {
        "text": "rabbit",
        "alias": "subject",
        "meta": "@sys.any",
        "userDefined": true
      }
    ],
    "isTemplate": false,
    "count": 0,
    "updated": 1550872378
  },
  {
    "id": "2ed88606-51be-4670-bab3-c19ec28d6755",
    "data": [
      {
        "text": "talk to ",
        "userDefined": false
      },
      {
        "text": "leprechaun",
        "alias": "subject",
        "meta": "@sys.any",
        "userDefined": true
      }
    ],
    "isTemplate": false,
    "count": 0,
    "updated": 1550771001
  },
  {
    "id": "86d17d61-63e0-4deb-9e47-287b709e886f",
    "data": [
      {
        "text": "talk ",
        "userDefined": false
      },
      {
        "text": "little girl",
        "alias": "subject",
        "meta": "@sys.any",
        "userDefined": true
      }
    ],
    "isTemplate": false,
    "count": 0,
    "updated": 1550771001
  },
  {
    "id": "71c3cf63-0894-48b3-93e9-a168403d52cb",
    "data": [
      {
        "text": "talk to the ",
        "userDefined": false
      },
      {
        "text": "old crone",
        "alias": "subject",
        "meta": "@sys.any",
        "userDefined": true
      }
    ],
    "isTemplate": false,
    "count": 0,
    "updated": 1550872378
  }
]