[
  {
    "id": "8f625f16-1630-4b50-90af-8402c4218b71",
    "data": [
      {
        "text": "Distract the ",
        "userDefined": false
      },
      {
        "text": "woman",
        "alias": "subject",
        "meta": "@sys.any",
        "userDefined": true
      }
    ],
    "isTemplate": false,
    "count": 0
  },
  {
    "id": "7417e6ee-4205-4662-bb75-2aedb9e5e853",
    "data": [
      {
        "text": "Ask the ",
        "userDefined": false
      },
      {
        "text": "woman",
        "alias": "subject",
        "meta": "@sys.any",
        "userDefined": true
      },
      {
        "text": " if ",
        "userDefined": false
      },
      {
        "text": "I can have some cookies",
        "alias": "topic",
        "meta": "@sys.any",
        "userDefined": true
      }
    ],
    "isTemplate": false,
    "count": 0
  },
  {
    "id": "441ec620-1052-4d80-b343-038abf8ae89b",
    "data": [
      {
        "text": "Ask ",
        "userDefined": false
      },
      {
        "text": "Trump",
        "alias": "subject",
        "meta": "@sys.any",
        "userDefined": true
      },
      {
        "text": " about ",
        "userDefined": false
      },
      {
        "text": "his tax return",
        "alias": "topic",
        "meta": "@sys.any",
        "userDefined": true
      }
    ],
    "isTemplate": false,
    "count": 0
  },
  {
    "id": "f0cdeff0-4509-46a0-8adb-13a192568ea7",
    "data": [
      {
        "text": "Say ",
        "userDefined": false
      },
      {
        "text": "hello",
        "alias": "topic",
        "meta": "@sys.any",
        "userDefined": true
      },
      {
        "text": " to the ",
        "userDefined": false
      },
      {
        "text": "clerk",
        "alias": "subject",
        "meta": "@sys.any",
        "userDefined": true
      }
    ],
    "isTemplate": false,
    "count": 0
  },
  {
    "id": "6b6d9c90-cdef-45bd-952b-b877d635cfd7",
    "data": [
      {
        "text": "I greet the ",
        "userDefined": false
      },
      {
        "text": "creature",
        "alias": "subject",
        "meta": "@sys.any",
        "userDefined": true
      }
    ],
    "isTemplate": false,
    "count": 0
  },
  {
    "id": "88e8261a-e65c-4171-81dd-615664dc04e7",
    "data": [
      {
        "text": "Talk about ",
        "userDefined": false
      },
      {
        "text": "sports",
        "alias": "topic",
        "meta": "@sys.any",
        "userDefined": true
      },
      {
        "text": " with the ",
        "userDefined": false
      },
      {
        "text": "drunk",
        "alias": "subject",
        "meta": "@sys.any",
        "userDefined": true
      }
    ],
    "isTemplate": false,
    "count": 0,
    "updated": 1551722346
  },
  {
    "id": "c35235c7-5436-48b3-8744-fe4c43e1d097",
    "data": [
      {
        "text": "Ask the ",
        "userDefined": false
      },
      {
        "text": "neighbours",
        "alias": "subject",
        "meta": "@sys.any",
        "userDefined": true
      },
      {
        "text": " for some ",
        "userDefined": false
      },
      {
        "text": "milk",
        "alias": "topic",
        "meta": "@sys.any",
        "userDefined": true
      }
    ],
    "isTemplate": false,
    "count": 0,
    "updated": 1551715884
  },
  {
    "id": "c8185f1d-17a6-4f91-8b24-4adb73bfc0a5",
    "data": [
      {
        "text": "Ask ",
        "userDefined": false
      },
      {
        "text": "troll",
        "alias": "subject",
        "meta": "@sys.any",
        "userDefined": true
      },
      {
        "text": " for ",
        "userDefined": false
      },
      {
        "text": "directions",
        "alias": "topic",
        "meta": "@sys.any",
        "userDefined": true
      }
    ],
    "isTemplate": false,
    "count": 0,
    "updated": 1551715884
  },
  {
    "id": "23cbaf70-e67a-4c41-91c3-6f9cea73e7cf",
    "data": [
      {
        "text": "Ask ",
        "userDefined": false
      },
      {
        "text": "goblins",
        "alias": "subject",
        "meta": "@sys.any",
        "userDefined": true
      },
      {
        "text": " for ",
        "userDefined": false
      },
      {
        "text": "advice",
        "alias": "topic",
        "meta": "@sys.any",
        "userDefined": true
      }
    ],
    "isTemplate": false,
    "count": 0,
    "updated": 1551715884
  },
  {
    "id": "501fba55-7b65-4bf4-9b90-a3abe8f8ced6",
    "data": [
      {
        "text": "greet ",
        "userDefined": false
      },
      {
        "text": "toad",
        "alias": "subject",
        "meta": "@sys.any",
        "userDefined": true
      }
    ],
    "isTemplate": false,
    "count": 0,
    "updated": 1550771001
  },
  {
    "id": "b2d93761-6efe-4ad5-b594-d90ea5b6084d",
    "data": [
      {
        "text": "greet the ",
        "userDefined": false
      },
      {
        "text": "man",
        "alias": "subject",
        "meta": "@sys.any",
        "userDefined": true
      }
    ],
    "isTemplate": false,
    "count": 0,
    "updated": 1550872378
  },
  {
    "id": "b0ceddb9-5859-4387-b33e-b16cf22867e7",
    "data": [
      {
        "text": "speak ",
        "userDefined": false
      },
      {
        "text": "knight",
        "alias": "subject",
        "meta": "@sys.any",
        "userDefined": true
      }
    ],
    "isTemplate": false,
    "count": 0,
    "updated": 1550771001
  },
  {
    "id": "fcfe0a6f-c30e-43af-927f-69fcced9af32",
    "data": [
      {
        "text": "speak to the ",
        "userDefined": false
      },
      {
        "text": "rabbit",
        "alias": "subject",
        "meta": "@sys.any",
        "userDefined": true
      }
    ],
    "isTemplate": false,
    "count": 0,
    "updated": 1550872378
  },
  {
    "id": "2ed88606-51be-4670-bab3-c19ec28d6755",
    "data": [
      {
        "text": "talk to ",
        "userDefined": false
      },
      {
        "text": "leprechaun",
        "alias": "subject",
        "meta": "@sys.any",
        "userDefined": true
      }
    ],
    "isTemplate": false,
    "count": 0,
    "updated": 1550771001
  },
  {
    "id": "86d17d61-63e0-4deb-9e47-287b709e886f",
    "data": [
      {
        "text": "talk ",
        "userDefined": false
      },
      {
        "text": "little girl",
        "alias": "subject",
        "meta": "@sys.any",
        "userDefined": true
      }
    ],
    "isTemplate": false,
    "count": 0,
    "updated": 1550771001
  },
  {
    "id": "71c3cf63-0894-48b3-93e9-a168403d52cb",
    "data": [
      {
        "text": "talk to the ",
        "userDefined": false
      },
      {
        "text": "old crone",
        "alias": "subject",
        "meta": "@sys.any",
        "userDefined": true
      }
    ],
    "isTemplate": false,
    "count": 0,
    "updated": 1550872378
  }
]