[
  {
    "id": "fd9ea0cc-e528-49cd-9fad-5be6b0457404",
    "data": [
      {
        "text": "Secure the ",
        "userDefined": false
      },
      {
        "text": "package",
        "alias": "object",
        "meta": "@sys.any",
        "userDefined": true
      },
      {
        "text": " with ",
        "userDefined": false
      },
      {
        "text": "ribbon",
        "alias": "subject",
        "meta": "@sys.any",
        "userDefined": true
      },
      {
        "text": ".",
        "userDefined": false
      }
    ],
    "isTemplate": false,
    "count": 0,
    "updated": 1551131841
  },
  {
    "id": "b5f39c4e-eee6-416f-89eb-839d7986150d",
    "data": [
      {
        "text": "Bind the ",
        "userDefined": false
      },
      {
        "text": "prisoner",
        "alias": "object",
        "meta": "@sys.any",
        "userDefined": true
      },
      {
        "text": " with ",
        "userDefined": false
      },
      {
        "text": "chains",
        "alias": "subject",
        "meta": "@sys.any",
        "userDefined": true
      }
    ],
    "isTemplate": false,
    "count": 0,
    "updated": 1551131841
  },
  {
    "id": "543b4b38-7dab-4353-8cd2-60d95a52e720",
    "data": [
      {
        "text": "Wrap the ",
        "userDefined": false
      },
      {
        "text": "cord",
        "alias": "subject",
        "meta": "@sys.any",
        "userDefined": true
      },
      {
        "text": " around the ",
        "userDefined": false
      },
      {
        "text": "tree",
        "alias": "object",
        "meta": "@sys.any",
        "userDefined": true
      },
      {
        "text": ".",
        "userDefined": false
      }
    ],
    "isTemplate": false,
    "count": 0,
    "updated": 1551131841
  },
  {
    "id": "da0f2338-f09d-4220-91b7-6d470b80bf3e",
    "data": [
      {
        "text": "Tie the ",
        "userDefined": false
      },
      {
        "text": "rope",
        "alias": "subject",
        "meta": "@sys.any",
        "userDefined": true
      },
      {
        "text": " to the ",
        "userDefined": false
      },
      {
        "text": "rock",
        "alias": "object",
        "meta": "@sys.any",
        "userDefined": true
      }
    ],
    "isTemplate": false,
    "count": 0,
    "updated": 1551131841
  }
]