[
  {
    "id": "e61d2cd2-25ad-4c5e-8521-765dc2204bb3",
    "data": [
      {
        "text": "Untie the ",
        "userDefined": false
      },
      {
        "text": "rope",
        "alias": "subject",
        "meta": "@sys.any",
        "userDefined": true
      },
      {
        "text": " from the ",
        "userDefined": false
      },
      {
        "text": "hook",
        "alias": "object",
        "meta": "@sys.any",
        "userDefined": true
      }
    ],
    "isTemplate": false,
    "count": 0,
    "updated": 1551218631
  },
  {
    "id": "28d3ae47-02a5-4cb2-87ad-edebf36e40bf",
    "data": [
      {
        "text": "Undo the ",
        "userDefined": false
      },
      {
        "text": "knot",
        "alias": "subject",
        "meta": "@sys.any",
        "userDefined": true
      }
    ],
    "isTemplate": false,
    "count": 0,
    "updated": 1551218631
  },
  {
    "id": "a6a0b8e6-ce1b-4e7c-943e-b3c1db97a214",
    "data": [
      {
        "text": "Remove the ",
        "userDefined": false
      },
      {
        "text": "thorn",
        "alias": "subject",
        "meta": "@sys.any",
        "userDefined": true
      },
      {
        "text": " from the ",
        "userDefined": false
      },
      {
        "text": "lion",
        "alias": "object",
        "meta": "@sys.any",
        "userDefined": true
      }
    ],
    "isTemplate": false,
    "count": 0,
    "updated": 1551218631
  },
  {
    "id": "fa8a8959-7a1e-4432-a923-56ddedf2713e",
    "data": [
      {
        "text": "Untie the ",
        "userDefined": false
      },
      {
        "text": "ribbon",
        "alias": "subject",
        "meta": "@sys.any",
        "userDefined": true
      }
    ],
    "isTemplate": false,
    "count": 0,
    "updated": 1551218631
  }
]