[
  {
    "id": "dc163125-9506-4148-8495-fda49d1f122b",
    "data": [
      {
        "text": "Throw",
        "alias": "verb",
        "meta": "@sys.any",
        "userDefined": true
      },
      {
        "text": " my ",
        "userDefined": false
      },
      {
        "text": "rope",
        "alias": "subject",
        "meta": "@sys.any",
        "userDefined": true
      },
      {
        "text": " around a ",
        "userDefined": false
      },
      {
        "text": "tree",
        "alias": "object",
        "meta": "@sys.any",
        "userDefined": true
      }
    ],
    "isTemplate": false,
    "count": 0
  },
  {
    "id": "bc08b977-1518-4f44-8014-f00eef2f4f86",
    "data": [
      {
        "text": "Fit",
        "alias": "verb",
        "meta": "@sys.any",
        "userDefined": true
      },
      {
        "text": " the ",
        "userDefined": false
      },
      {
        "text": "scale",
        "alias": "subject",
        "meta": "@sys.any",
        "userDefined": true
      },
      {
        "text": " into the ",
        "userDefined": false
      },
      {
        "text": "crack",
        "alias": "object",
        "meta": "@sys.any",
        "userDefined": true
      }
    ],
    "isTemplate": false,
    "count": 0
  },
  {
    "id": "7babca91-6210-4413-afa8-f6c134c26d70",
    "data": [
      {
        "text": "Fit",
        "alias": "verb",
        "meta": "@sys.any",
        "userDefined": true
      },
      {
        "text": " ",
        "userDefined": false
      },
      {
        "text": "scale",
        "alias": "subject",
        "meta": "@sys.any",
        "userDefined": true
      },
      {
        "text": " into ",
        "userDefined": false
      },
      {
        "text": "cracks",
        "alias": "object",
        "meta": "@sys.any",
        "userDefined": true
      }
    ],
    "isTemplate": false,
    "count": 0
  },
  {
    "id": "adb10a64-2206-4db7-8de3-ae4d646db799",
    "data": [
      {
        "text": "Pull the ",
        "userDefined": false
      },
      {
        "text": "lever",
        "alias": "subject",
        "meta": "@sys.any",
        "userDefined": true
      }
    ],
    "isTemplate": false,
    "count": 0
  },
  {
    "id": "87ec8ed2-d371-4741-9ac9-7b315d6f4069",
    "data": [
      {
        "text": "Pull ",
        "userDefined": false
      },
      {
        "text": "lever",
        "alias": "subject",
        "meta": "@sys.any",
        "userDefined": true
      }
    ],
    "isTemplate": false,
    "count": 1
  },
  {
    "id": "a516f190-9d50-4843-9507-e223f9036f5a",
    "data": [
      {
        "text": "Pull on the ",
        "userDefined": false
      },
      {
        "text": "lever",
        "alias": "subject",
        "meta": "@sys.any",
        "userDefined": true
      }
    ],
    "isTemplate": false,
    "count": 0
  },
  {
    "id": "92f30b74-e111-4bd6-a466-1c8f0a9962c5",
    "data": [
      {
        "text": "Place",
        "alias": "verb",
        "meta": "@sys.any",
        "userDefined": true
      },
      {
        "text": " my ",
        "userDefined": false
      },
      {
        "text": "hand",
        "alias": "subject",
        "meta": "@sys.any",
        "userDefined": true
      },
      {
        "text": " on the ",
        "userDefined": false
      },
      {
        "text": "stove",
        "alias": "object",
        "meta": "@sys.any",
        "userDefined": true
      }
    ],
    "isTemplate": false,
    "count": 0
  },
  {
    "id": "3a18c96e-4667-42ab-a3c0-c3dcce7bc98d",
    "data": [
      {
        "text": "Throw",
        "alias": "verb",
        "meta": "@sys.any",
        "userDefined": true
      },
      {
        "text": " the ",
        "userDefined": false
      },
      {
        "text": "rope",
        "alias": "subject",
        "meta": "@sys.any",
        "userDefined": true
      },
      {
        "text": " around a ",
        "userDefined": false
      },
      {
        "text": "tree",
        "alias": "object",
        "meta": "@sys.any",
        "userDefined": true
      }
    ],
    "isTemplate": false,
    "count": 0
  },
  {
    "id": "37f7fdfe-ba72-4f6b-8851-cda34e67267a",
    "data": [
      {
        "text": "Spin ",
        "userDefined": false
      },
      {
        "text": "dial",
        "alias": "subject",
        "meta": "@sys.any",
        "userDefined": true
      }
    ],
    "isTemplate": false,
    "count": 0
  },
  {
    "id": "37c26005-c421-49f2-a704-8a58b96615ab",
    "data": [
      {
        "text": "Spin the ",
        "userDefined": false
      },
      {
        "text": "dial",
        "alias": "subject",
        "meta": "@sys.any",
        "userDefined": true
      }
    ],
    "isTemplate": false,
    "count": 0
  },
  {
    "id": "794415d0-64ad-424b-a042-0db7b8e5592d",
    "data": [
      {
        "text": "Turn ",
        "userDefined": false
      },
      {
        "text": "wheel",
        "alias": "subject",
        "meta": "@sys.any",
        "userDefined": true
      }
    ],
    "isTemplate": false,
    "count": 0
  },
  {
    "id": "e5014728-2219-4fd6-aa6c-6424cd9cc93e",
    "data": [
      {
        "text": "Turn the ",
        "userDefined": false
      },
      {
        "text": "wheel",
        "alias": "subject",
        "meta": "@sys.any",
        "userDefined": true
      }
    ],
    "isTemplate": false,
    "count": 0
  },
  {
    "id": "d7743d54-47d0-4525-bf59-eb37872f8d03",
    "data": [
      {
        "text": "Grind the ",
        "userDefined": false
      },
      {
        "text": "herbs",
        "alias": "subject",
        "meta": "@sys.any",
        "userDefined": true
      },
      {
        "text": " into a paste",
        "userDefined": false
      }
    ],
    "isTemplate": false,
    "count": 0
  },
  {
    "id": "8ee237b0-6ae0-4683-b0f1-01274a98ef68",
    "data": [
      {
        "text": "Grind ",
        "userDefined": false
      },
      {
        "text": "herbs",
        "alias": "subject",
        "meta": "@sys.any",
        "userDefined": true
      },
      {
        "text": " into a paste",
        "userDefined": false
      }
    ],
    "isTemplate": false,
    "count": 0
  },
  {
    "id": "7c2d8412-39b7-4f63-b47d-84671dcf3631",
    "data": [
      {
        "text": "Grind the ",
        "userDefined": false
      },
      {
        "text": "herbs",
        "alias": "subject",
        "meta": "@sys.any",
        "userDefined": true
      }
    ],
    "isTemplate": false,
    "count": 0
  },
  {
    "id": "1e5d73d7-2243-47f1-8561-e39e3d49352c",
    "data": [
      {
        "text": "Grind ",
        "userDefined": false
      },
      {
        "text": "herbs",
        "alias": "subject",
        "meta": "@sys.any",
        "userDefined": true
      }
    ],
    "isTemplate": false,
    "count": 0
  },
  {
    "id": "d480bfb8-64a4-442a-83f3-fbe02e10101c",
    "data": [
      {
        "text": "Throw",
        "alias": "verb",
        "meta": "@sys.any",
        "userDefined": true
      },
      {
        "text": " ",
        "userDefined": false
      },
      {
        "text": "rope",
        "alias": "subject",
        "meta": "@sys.any",
        "userDefined": true
      },
      {
        "text": " around ",
        "userDefined": false
      },
      {
        "text": "tree",
        "alias": "object",
        "meta": "@sys.any",
        "userDefined": true
      }
    ],
    "isTemplate": false,
    "count": 0
  },
  {
    "id": "f4344956-c56e-4afd-a698-6530c193b4a0",
    "data": [
      {
        "text": "Throw",
        "alias": "verb",
        "meta": "@sys.any",
        "userDefined": true
      },
      {
        "text": " ",
        "userDefined": false
      },
      {
        "text": "dart",
        "alias": "subject",
        "meta": "@sys.any",
        "userDefined": true
      },
      {
        "text": " at ",
        "userDefined": false
      },
      {
        "text": "dartboard",
        "alias": "object",
        "meta": "@sys.any",
        "userDefined": true
      }
    ],
    "isTemplate": false,
    "count": 0
  },
  {
    "id": "7632fc45-c0c5-4b3d-bfb8-c7be7ce410b6",
    "data": [
      {
        "text": "Throw",
        "alias": "verb",
        "meta": "@sys.any",
        "userDefined": true
      },
      {
        "text": " the ",
        "userDefined": false
      },
      {
        "text": "dart",
        "alias": "subject",
        "meta": "@sys.any",
        "userDefined": true
      },
      {
        "text": " at the ",
        "userDefined": false
      },
      {
        "text": "dartboard",
        "alias": "object",
        "meta": "@sys.any",
        "userDefined": true
      }
    ],
    "isTemplate": false,
    "count": 1
  },
  {
    "id": "a87ca614-16ea-4a62-9f4b-0ec095429501",
    "data": [
      {
        "text": "Use a ",
        "userDefined": false
      },
      {
        "text": "trap",
        "alias": "subject",
        "meta": "@sys.any",
        "userDefined": true
      },
      {
        "text": " to ",
        "userDefined": false
      },
      {
        "text": "catch",
        "alias": "verb",
        "meta": "@sys.any",
        "userDefined": true
      },
      {
        "text": " the ",
        "userDefined": false
      },
      {
        "text": "mouse",
        "alias": "object",
        "meta": "@sys.any",
        "userDefined": true
      }
    ],
    "isTemplate": false,
    "count": 0
  },
  {
    "id": "6ed41fec-03b7-411d-a352-2cb1b89dd4c3",
    "data": [
      {
        "text": "Use ",
        "userDefined": false
      },
      {
        "text": "knife",
        "alias": "subject",
        "meta": "@sys.any",
        "userDefined": true
      },
      {
        "text": " to ",
        "userDefined": false
      },
      {
        "text": "cut",
        "alias": "verb",
        "meta": "@sys.any",
        "userDefined": true
      },
      {
        "text": " ",
        "userDefined": false
      },
      {
        "text": "rope",
        "alias": "object",
        "meta": "@sys.any",
        "userDefined": true
      }
    ],
    "isTemplate": false,
    "count": 0
  },
  {
    "id": "8c2f53c7-95ba-49f3-97f4-a0cdaadd6700",
    "data": [
      {
        "text": "Use the ",
        "userDefined": false
      },
      {
        "text": "knife",
        "alias": "subject",
        "meta": "@sys.any",
        "userDefined": true
      },
      {
        "text": " to ",
        "userDefined": false
      },
      {
        "text": "cut",
        "alias": "verb",
        "meta": "@sys.any",
        "userDefined": true
      },
      {
        "text": " the ",
        "userDefined": false
      },
      {
        "text": "rope",
        "alias": "object",
        "meta": "@sys.any",
        "userDefined": true
      }
    ],
    "isTemplate": false,
    "count": 0
  },
  {
    "id": "267df2d9-233c-4fae-bc25-ff9aa194f0b7",
    "data": [
      {
        "text": "Grind",
        "alias": "verb",
        "meta": "@sys.any",
        "userDefined": true
      },
      {
        "text": " the ",
        "userDefined": false
      },
      {
        "text": "ginger",
        "alias": "subject",
        "meta": "@sys.any",
        "userDefined": true
      },
      {
        "text": " in ",
        "userDefined": false
      },
      {
        "text": "mortar",
        "alias": "object",
        "meta": "@sys.any",
        "userDefined": true
      }
    ],
    "isTemplate": false,
    "count": 0
  },
  {
    "id": "5e150eaf-bc8b-4f78-9640-f995488ca9da",
    "data": [
      {
        "text": "Grind",
        "alias": "verb",
        "meta": "@sys.any",
        "userDefined": true
      },
      {
        "text": " ",
        "userDefined": false
      },
      {
        "text": "ginger",
        "alias": "subject",
        "meta": "@sys.any",
        "userDefined": true
      },
      {
        "text": " in ",
        "userDefined": false
      },
      {
        "text": "mortar",
        "alias": "object",
        "meta": "@sys.any",
        "userDefined": true
      }
    ],
    "isTemplate": false,
    "count": 0
  },
  {
    "id": "34b71f13-f8d8-4ebf-8c8f-2b2f0a72a099",
    "data": [
      {
        "text": "Grind",
        "alias": "verb",
        "meta": "@sys.any",
        "userDefined": true
      },
      {
        "text": " the ",
        "userDefined": false
      },
      {
        "text": "ginger",
        "alias": "subject",
        "meta": "@sys.any",
        "userDefined": true
      },
      {
        "text": " in the ",
        "userDefined": false
      },
      {
        "text": "mortar",
        "alias": "object",
        "meta": "@sys.any",
        "userDefined": true
      }
    ],
    "isTemplate": false,
    "count": 0
  },
  {
    "id": "08e05e0d-7e14-49f9-9c70-3d39839f649b",
    "data": [
      {
        "text": "Grind",
        "alias": "verb",
        "meta": "@sys.any",
        "userDefined": true
      },
      {
        "text": " ",
        "userDefined": false
      },
      {
        "text": "ginger",
        "alias": "subject",
        "meta": "@sys.any",
        "userDefined": true
      },
      {
        "text": " with ",
        "userDefined": false
      },
      {
        "text": "mortar",
        "alias": "object",
        "meta": "@sys.any",
        "userDefined": true
      }
    ],
    "isTemplate": false,
    "count": 0
  },
  {
    "id": "4be2bdc0-9985-4a9f-afae-5b548ec21e63",
    "data": [
      {
        "text": "Grind",
        "alias": "verb",
        "meta": "@sys.any",
        "userDefined": true
      },
      {
        "text": " the ",
        "userDefined": false
      },
      {
        "text": "ginger",
        "alias": "subject",
        "meta": "@sys.any",
        "userDefined": true
      },
      {
        "text": " with ",
        "userDefined": false
      },
      {
        "text": "mortar",
        "alias": "object",
        "meta": "@sys.any",
        "userDefined": true
      }
    ],
    "isTemplate": false,
    "count": 0
  },
  {
    "id": "a0067b7a-c457-4bd2-9332-a7e655e95494",
    "data": [
      {
        "text": "Grind",
        "alias": "verb",
        "meta": "@sys.any",
        "userDefined": true
      },
      {
        "text": " the ",
        "userDefined": false
      },
      {
        "text": "ginger",
        "alias": "subject",
        "meta": "@sys.any",
        "userDefined": true
      },
      {
        "text": " with the ",
        "userDefined": false
      },
      {
        "text": "mortar",
        "alias": "object",
        "meta": "@sys.any",
        "userDefined": true
      }
    ],
    "isTemplate": false,
    "count": 0
  },
  {
    "id": "69964f59-b76a-4b65-a081-ed592215c250",
    "data": [
      {
        "text": "Touch ",
        "userDefined": false
      },
      {
        "text": "monkey",
        "alias": "subject",
        "meta": "@sys.any",
        "userDefined": true
      }
    ],
    "isTemplate": false,
    "count": 0
  },
  {
    "id": "a8d50b18-16fb-46e2-850b-83f6a3c396f8",
    "data": [
      {
        "text": "Touch the ",
        "userDefined": false
      },
      {
        "text": "monkey",
        "alias": "subject",
        "meta": "@sys.any",
        "userDefined": true
      }
    ],
    "isTemplate": false,
    "count": 0
  },
  {
    "id": "d30401de-0b83-4add-b30b-7e3fb7974f16",
    "data": [
      {
        "text": "Add the ",
        "userDefined": false
      },
      {
        "text": "butter",
        "alias": "subject",
        "meta": "@sys.any",
        "userDefined": true
      },
      {
        "text": " to the ",
        "userDefined": false
      },
      {
        "text": "flour",
        "alias": "object",
        "meta": "@sys.any",
        "userDefined": true
      }
    ],
    "isTemplate": false,
    "count": 0
  },
  {
    "id": "1dd97e43-6f86-4258-a3bb-7d17c40755e8",
    "data": [
      {
        "text": "Add ",
        "userDefined": false
      },
      {
        "text": "poison",
        "alias": "subject",
        "meta": "@sys.any",
        "userDefined": true
      },
      {
        "text": " to ",
        "userDefined": false
      },
      {
        "text": "pie",
        "alias": "object",
        "meta": "@sys.any",
        "userDefined": true
      }
    ],
    "isTemplate": false,
    "count": 0
  },
  {
    "id": "6ef387ea-43be-4399-92ac-8b4bc30c00ca",
    "data": [
      {
        "text": "Add ",
        "userDefined": false
      },
      {
        "text": "peanut butter",
        "alias": "subject",
        "meta": "@sys.any",
        "userDefined": true
      },
      {
        "text": " to the ",
        "userDefined": false
      },
      {
        "text": "chocolate",
        "alias": "object",
        "meta": "@sys.any",
        "userDefined": true
      }
    ],
    "isTemplate": false,
    "count": 0
  },
  {
    "id": "1ba88f43-27ed-485e-a696-eda4b9842008",
    "data": [
      {
        "text": "Mix the ",
        "userDefined": false
      },
      {
        "text": "chocolate",
        "alias": "subject",
        "meta": "@sys.any",
        "userDefined": true
      },
      {
        "text": " and ",
        "userDefined": false
      },
      {
        "text": "milk",
        "alias": "object",
        "meta": "@sys.any",
        "userDefined": true
      }
    ],
    "isTemplate": false,
    "count": 0,
    "updated": 1551978041
  },
  {
    "id": "fe757bbb-ca7d-4be4-a7fb-6a2f0a909246",
    "data": [
      {
        "text": "Mix the ",
        "userDefined": false
      },
      {
        "text": "chocolate",
        "alias": "subject",
        "meta": "@sys.any",
        "userDefined": true
      },
      {
        "text": " with ",
        "userDefined": false
      },
      {
        "text": "milk",
        "alias": "object",
        "meta": "@sys.any",
        "userDefined": true
      }
    ],
    "isTemplate": false,
    "count": 0,
    "updated": 1551978041
  },
  {
    "id": "79851afb-5a5f-4530-b545-b9248d32c6f6",
    "data": [
      {
        "text": "Mix ",
        "userDefined": false
      },
      {
        "text": "chocolate",
        "alias": "subject",
        "meta": "@sys.any",
        "userDefined": true
      },
      {
        "text": " and the ",
        "userDefined": false
      },
      {
        "text": "milk",
        "alias": "object",
        "meta": "@sys.any",
        "userDefined": true
      }
    ],
    "isTemplate": false,
    "count": 0,
    "updated": 1551978041
  },
  {
    "id": "ee49f04a-9f7b-4390-a51a-69c19cfa31c8",
    "data": [
      {
        "text": "Use the ",
        "userDefined": false
      },
      {
        "text": "spoon",
        "alias": "subject",
        "meta": "@sys.any",
        "userDefined": true
      },
      {
        "text": " to ",
        "userDefined": false
      },
      {
        "text": "mix",
        "alias": "verb",
        "meta": "@sys.any",
        "userDefined": true
      },
      {
        "text": " the ",
        "userDefined": false
      },
      {
        "text": "drink",
        "alias": "object",
        "meta": "@sys.any",
        "userDefined": true
      }
    ],
    "isTemplate": false,
    "count": 0
  },
  {
    "id": "bf51e806-23a6-4161-958d-5af6f85695ba",
    "data": [
      {
        "text": "Use the ",
        "userDefined": false
      },
      {
        "text": "rope",
        "alias": "subject",
        "meta": "@sys.any",
        "userDefined": true
      },
      {
        "text": " to ",
        "userDefined": false
      },
      {
        "text": "climb",
        "alias": "verb",
        "meta": "@sys.any",
        "userDefined": true
      },
      {
        "text": " the ",
        "userDefined": false
      },
      {
        "text": "tree",
        "alias": "object",
        "meta": "@sys.any",
        "userDefined": true
      }
    ],
    "isTemplate": false,
    "count": 0
  },
  {
    "id": "dace4f63-606c-4d9e-9f3c-a8ee1fd406c1",
    "data": [
      {
        "text": "Use ",
        "userDefined": false
      },
      {
        "text": "binoculars",
        "alias": "subject",
        "meta": "@sys.any",
        "userDefined": true
      },
      {
        "text": " to ",
        "userDefined": false
      },
      {
        "text": "look around",
        "alias": "purpose",
        "meta": "@sys.any",
        "userDefined": true
      }
    ],
    "isTemplate": false,
    "count": 0
  },
  {
    "id": "76353f9e-bfe7-42ef-9575-18923a8cdde9",
    "data": [
      {
        "text": "Mix ",
        "userDefined": false
      },
      {
        "text": "chocolate",
        "alias": "subject",
        "meta": "@sys.any",
        "userDefined": true
      },
      {
        "text": " with the ",
        "userDefined": false
      },
      {
        "text": "milk",
        "alias": "object",
        "meta": "@sys.any",
        "userDefined": true
      }
    ],
    "isTemplate": false,
    "count": 0,
    "updated": 1551978041
  },
  {
    "id": "0e0c0480-9f31-468b-8794-23e5462b5c62",
    "data": [
      {
        "text": "Mix the ",
        "userDefined": false
      },
      {
        "text": "chocolate",
        "alias": "subject",
        "meta": "@sys.any",
        "userDefined": true
      },
      {
        "text": " and the ",
        "userDefined": false
      },
      {
        "text": "milk",
        "alias": "object",
        "meta": "@sys.any",
        "userDefined": true
      }
    ],
    "isTemplate": false,
    "count": 0,
    "updated": 1551978041
  },
  {
    "id": "e18495af-0d04-4a7e-94c7-bf88f7a43735",
    "data": [
      {
        "text": "Mix the ",
        "userDefined": false
      },
      {
        "text": "chocolate",
        "alias": "subject",
        "meta": "@sys.any",
        "userDefined": true
      },
      {
        "text": " with the ",
        "userDefined": false
      },
      {
        "text": "milk",
        "alias": "object",
        "meta": "@sys.any",
        "userDefined": true
      }
    ],
    "isTemplate": false,
    "count": 0,
    "updated": 1551978041
  },
  {
    "id": "e7c9e76f-e163-4980-9876-b4346a73de0d",
    "data": [
      {
        "text": "Mix ",
        "userDefined": false
      },
      {
        "text": "chocolate",
        "alias": "subject",
        "meta": "@sys.any",
        "userDefined": true
      },
      {
        "text": " and ",
        "userDefined": false
      },
      {
        "text": "milk",
        "alias": "object",
        "meta": "@sys.any",
        "userDefined": true
      }
    ],
    "isTemplate": false,
    "count": 0,
    "updated": 1551978041
  },
  {
    "id": "41542acc-2e60-4a6d-a03d-0162cdf1ecc7",
    "data": [
      {
        "text": "Mix ",
        "userDefined": false
      },
      {
        "text": "chocolate",
        "alias": "subject",
        "meta": "@sys.any",
        "userDefined": true
      },
      {
        "text": " with ",
        "userDefined": false
      },
      {
        "text": "milk",
        "alias": "object",
        "meta": "@sys.any",
        "userDefined": true
      }
    ],
    "isTemplate": false,
    "count": 0,
    "updated": 1551978041
  },
  {
    "id": "bd1c6ce6-c760-4044-9ed5-9a6573c771df",
    "data": [
      {
        "text": "Throw the ",
        "userDefined": false
      },
      {
        "text": "football",
        "alias": "subject",
        "meta": "@sys.any",
        "userDefined": true
      },
      {
        "text": " over the ",
        "userDefined": false
      },
      {
        "text": "goalpost",
        "alias": "object",
        "meta": "@sys.any",
        "userDefined": true
      }
    ],
    "isTemplate": false,
    "count": 0,
    "updated": 1551978041
  },
  {
    "id": "542905e8-dc32-4f9d-88c4-f1d86958b4fe",
    "data": [
      {
        "text": "Throw ",
        "userDefined": false
      },
      {
        "text": "football",
        "alias": "subject",
        "meta": "@sys.any",
        "userDefined": true
      },
      {
        "text": " over ",
        "userDefined": false
      },
      {
        "text": "goalposts",
        "alias": "object",
        "meta": "@sys.any",
        "userDefined": true
      }
    ],
    "isTemplate": false,
    "count": 0,
    "updated": 1551978041
  },
  {
    "id": "df50dd8c-432f-4448-9782-fcfdf8c3e183",
    "data": [
      {
        "text": "Throw ",
        "userDefined": false
      },
      {
        "text": "ball",
        "alias": "subject",
        "meta": "@sys.any",
        "userDefined": true
      },
      {
        "text": " up ",
        "userDefined": false
      },
      {
        "text": "hill",
        "alias": "object",
        "meta": "@sys.any",
        "userDefined": true
      }
    ],
    "isTemplate": false,
    "count": 0,
    "updated": 1551820639
  },
  {
    "id": "be07f6be-8f50-477a-ab70-233f15b29925",
    "data": [
      {
        "text": "Throw the ",
        "userDefined": false
      },
      {
        "text": "ball",
        "alias": "subject",
        "meta": "@sys.any",
        "userDefined": true
      },
      {
        "text": " up the ",
        "userDefined": false
      },
      {
        "text": "hill",
        "alias": "object",
        "meta": "@sys.any",
        "userDefined": true
      }
    ],
    "isTemplate": false,
    "count": 0,
    "updated": 1551820639
  },
  {
    "id": "1e5f32de-83ec-4b13-9ea9-2b49c92c5c7f",
    "data": [
      {
        "text": "Climb the ",
        "userDefined": false
      },
      {
        "text": "waterfall",
        "alias": "subject",
        "meta": "@sys.any",
        "userDefined": true
      },
      {
        "text": " with the ",
        "userDefined": false
      },
      {
        "text": "icepicks",
        "alias": "object",
        "meta": "@sys.any",
        "userDefined": true
      }
    ],
    "isTemplate": false,
    "count": 0,
    "updated": 1551820516
  },
  {
    "id": "c48a7c6b-27aa-4c0f-a3d2-a4317cbc2148",
    "data": [
      {
        "text": "Climb ",
        "userDefined": false
      },
      {
        "text": "wall",
        "alias": "subject",
        "meta": "@sys.any",
        "userDefined": true
      },
      {
        "text": " with ",
        "userDefined": false
      },
      {
        "text": "pitons",
        "alias": "object",
        "meta": "@sys.any",
        "userDefined": true
      }
    ],
    "isTemplate": false,
    "count": 0,
    "updated": 1551820516
  },
  {
    "id": "36130a0b-2478-44c7-903d-b5cd2be706bd",
    "data": [
      {
        "text": "Climb the ",
        "userDefined": false
      },
      {
        "text": "tree",
        "alias": "subject",
        "meta": "@sys.any",
        "userDefined": true
      },
      {
        "text": " with the ",
        "userDefined": false
      },
      {
        "text": "ladder",
        "alias": "object",
        "meta": "@sys.any",
        "userDefined": true
      }
    ],
    "isTemplate": false,
    "count": 0,
    "updated": 1551820516
  },
  {
    "id": "9dc4ae44-b0d4-44e8-bb58-e497ff577a36",
    "data": [
      {
        "text": "Look through ",
        "userDefined": false
      },
      {
        "text": "binoculars",
        "alias": "subject",
        "meta": "@sys.any",
        "userDefined": true
      }
    ],
    "isTemplate": false,
    "count": 0,
    "updated": 1551820375
  },
  {
    "id": "3aaa7afd-5c18-4035-8064-8e0aac3857fd",
    "data": [
      {
        "text": "Look through the ",
        "userDefined": false
      },
      {
        "text": "spyglass",
        "alias": "subject",
        "meta": "@sys.any",
        "userDefined": true
      }
    ],
    "isTemplate": false,
    "count": 0,
    "updated": 1551820375
  },
  {
    "id": "fe1181ab-d3b5-4180-b8cd-4ea6b43473c3",
    "data": [
      {
        "text": "Throw the ",
        "userDefined": false
      },
      {
        "text": "blanket",
        "alias": "subject",
        "meta": "@sys.any",
        "userDefined": true
      },
      {
        "text": " over the ",
        "userDefined": false
      },
      {
        "text": "fire",
        "alias": "object",
        "meta": "@sys.any",
        "userDefined": true
      }
    ],
    "isTemplate": false,
    "count": 0,
    "updated": 1551809991
  },
  {
    "id": "069c7293-fed9-48f5-b8ea-38352e30838f",
    "data": [
      {
        "text": "Throw a ",
        "userDefined": false
      },
      {
        "text": "blanket",
        "alias": "subject",
        "meta": "@sys.any",
        "userDefined": true
      },
      {
        "text": " over the ",
        "userDefined": false
      },
      {
        "text": "fire",
        "alias": "object",
        "meta": "@sys.any",
        "userDefined": true
      }
    ],
    "isTemplate": false,
    "count": 0,
    "updated": 1551809991
  },
  {
    "id": "5c2e9686-54ed-4ab2-86ba-989c7906a257",
    "data": [
      {
        "text": "Throw ",
        "userDefined": false
      },
      {
        "text": "blanket",
        "alias": "subject",
        "meta": "@sys.any",
        "userDefined": true
      },
      {
        "text": " over ",
        "userDefined": false
      },
      {
        "text": "fire",
        "alias": "object",
        "meta": "@sys.any",
        "userDefined": true
      }
    ],
    "isTemplate": false,
    "count": 0,
    "updated": 1551809991
  },
  {
    "id": "c6a2b8f4-801c-4b7d-9c72-0d848b2473f4",
    "data": [
      {
        "text": "Climb down the ",
        "userDefined": false
      },
      {
        "text": "rope",
        "alias": "subject",
        "meta": "@sys.any",
        "userDefined": true
      }
    ],
    "isTemplate": false,
    "count": 0,
    "updated": 1551808929
  },
  {
    "id": "13a7fa22-5dc3-4149-8788-51a2a82cc042",
    "data": [
      {
        "text": "Climb down ",
        "userDefined": false
      },
      {
        "text": "rope",
        "alias": "subject",
        "meta": "@sys.any",
        "userDefined": true
      }
    ],
    "isTemplate": false,
    "count": 0,
    "updated": 1551808929
  },
  {
    "id": "40c1dc6a-0a33-486b-9310-1502c4aacfb3",
    "data": [
      {
        "text": "Climb up ",
        "userDefined": false
      },
      {
        "text": "rope",
        "alias": "subject",
        "meta": "@sys.any",
        "userDefined": true
      }
    ],
    "isTemplate": false,
    "count": 0,
    "updated": 1551808929
  },
  {
    "id": "f242015d-4a7f-4ab5-96b6-405787a5e4a0",
    "data": [
      {
        "text": "Climb up the ",
        "userDefined": false
      },
      {
        "text": "rope",
        "alias": "subject",
        "meta": "@sys.any",
        "userDefined": true
      }
    ],
    "isTemplate": false,
    "count": 0,
    "updated": 1551808929
  },
  {
    "id": "2d257c7a-a0da-4dad-8c52-804350ffbed6",
    "data": [
      {
        "text": "Climb ",
        "userDefined": false
      },
      {
        "text": "ladder",
        "alias": "subject",
        "meta": "@sys.any",
        "userDefined": true
      }
    ],
    "isTemplate": false,
    "count": 0,
    "updated": 1551803926
  },
  {
    "id": "cc1ba306-dbc9-44a2-bb1c-ad410aa8c27d",
    "data": [
      {
        "text": "Climb the ",
        "userDefined": false
      },
      {
        "text": "bookshelf",
        "alias": "subject",
        "meta": "@sys.any",
        "userDefined": true
      }
    ],
    "isTemplate": false,
    "count": 0,
    "updated": 1551803926
  },
  {
    "id": "518033c5-babc-4851-9eb2-6144b4de717b",
    "data": [
      {
        "text": "Drop ",
        "userDefined": false
      },
      {
        "text": "microphone",
        "alias": "subject",
        "meta": "@sys.any",
        "userDefined": true
      }
    ],
    "isTemplate": false,
    "count": 0,
    "updated": 1551717180
  },
  {
    "id": "b31ee423-a318-4b96-b6c2-b15e7c1bea50",
    "data": [
      {
        "text": "Drop the ",
        "userDefined": false
      },
      {
        "text": "bomb",
        "alias": "subject",
        "meta": "@sys.any",
        "userDefined": true
      }
    ],
    "isTemplate": false,
    "count": 0,
    "updated": 1551717180
  },
  {
    "id": "376d291f-86c8-4540-a0cf-5de9ab060930",
    "data": [
      {
        "text": "Lay ",
        "userDefined": false
      },
      {
        "text": "trap",
        "alias": "subject",
        "meta": "@sys.any",
        "userDefined": true
      },
      {
        "text": " on the ",
        "userDefined": false
      },
      {
        "text": "ground",
        "alias": "object",
        "meta": "@sys.any",
        "userDefined": true
      }
    ],
    "isTemplate": false,
    "count": 0,
    "updated": 1551716165
  },
  {
    "id": "bbba7c0b-d10c-43aa-b558-d931b5018629",
    "data": [
      {
        "text": "Lay ",
        "userDefined": false
      },
      {
        "text": "rug",
        "alias": "subject",
        "meta": "@sys.any",
        "userDefined": true
      },
      {
        "text": " on ",
        "userDefined": false
      },
      {
        "text": "floor",
        "alias": "object",
        "meta": "@sys.any",
        "userDefined": true
      }
    ],
    "isTemplate": false,
    "count": 0,
    "updated": 1551716165
  },
  {
    "id": "5d1a1a8a-150d-4432-97b2-062b69ea756e",
    "data": [
      {
        "text": "Lay the ",
        "userDefined": false
      },
      {
        "text": "tablecloth",
        "alias": "subject",
        "meta": "@sys.any",
        "userDefined": true
      },
      {
        "text": " on the ",
        "userDefined": false
      },
      {
        "text": "table",
        "alias": "object",
        "meta": "@sys.any",
        "userDefined": true
      }
    ],
    "isTemplate": false,
    "count": 0,
    "updated": 1551716165
  },
  {
    "id": "c653d1b9-99cf-4b87-9951-1f1a4e2f0f66",
    "data": [
      {
        "text": "Place",
        "alias": "verb",
        "meta": "@sys.any",
        "userDefined": true
      },
      {
        "text": " ",
        "userDefined": false
      },
      {
        "text": "skull",
        "alias": "subject",
        "meta": "@sys.any",
        "userDefined": true
      },
      {
        "text": " in the ",
        "userDefined": false
      },
      {
        "text": "box",
        "alias": "object",
        "meta": "@sys.any",
        "userDefined": true
      }
    ],
    "isTemplate": false,
    "count": 0,
    "updated": 1551715432
  },
  {
    "id": "acc37024-340c-4128-a777-2f362df31138",
    "data": [
      {
        "text": "Place",
        "alias": "verb",
        "meta": "@sys.any",
        "userDefined": true
      },
      {
        "text": " the ",
        "userDefined": false
      },
      {
        "text": "flower",
        "alias": "subject",
        "meta": "@sys.any",
        "userDefined": true
      },
      {
        "text": " in ",
        "userDefined": false
      },
      {
        "text": "vase",
        "alias": "object",
        "meta": "@sys.any",
        "userDefined": true
      }
    ],
    "isTemplate": false,
    "count": 0,
    "updated": 1551715432
  },
  {
    "id": "a1f41260-fff0-4d84-ae76-8db32d7469a6",
    "data": [
      {
        "text": "Place",
        "alias": "verb",
        "meta": "@sys.any",
        "userDefined": true
      },
      {
        "text": " ",
        "userDefined": false
      },
      {
        "text": "frog",
        "alias": "subject",
        "meta": "@sys.any",
        "userDefined": true
      },
      {
        "text": " in ",
        "userDefined": false
      },
      {
        "text": "pot",
        "alias": "object",
        "meta": "@sys.any",
        "userDefined": true
      }
    ],
    "isTemplate": false,
    "count": 0,
    "updated": 1551715432
  },
  {
    "id": "ae38b22a-c6e7-4e6b-a4ea-14cbb6f8f195",
    "data": [
      {
        "text": "Place",
        "alias": "verb",
        "meta": "@sys.any",
        "userDefined": true
      },
      {
        "text": " the ",
        "userDefined": false
      },
      {
        "text": "fish",
        "alias": "subject",
        "meta": "@sys.any",
        "userDefined": true
      },
      {
        "text": " in the ",
        "userDefined": false
      },
      {
        "text": "tank",
        "alias": "object",
        "meta": "@sys.any",
        "userDefined": true
      }
    ],
    "isTemplate": false,
    "count": 0,
    "updated": 1551715432
  },
  {
    "id": "3e35fcee-7f5f-48cd-9cd5-6e5385ae8c6b",
    "data": [
      {
        "text": "Pet ",
        "userDefined": false
      },
      {
        "text": "porcupine",
        "alias": "subject",
        "meta": "@sys.any",
        "userDefined": true
      }
    ],
    "isTemplate": false,
    "count": 0,
    "updated": 1551541331
  },
  {
    "id": "3db80e86-6e6c-4b9a-820d-117ab836a501",
    "data": [
      {
        "text": "Pet the ",
        "userDefined": false
      },
      {
        "text": "cat",
        "alias": "subject",
        "meta": "@sys.any",
        "userDefined": true
      }
    ],
    "isTemplate": false,
    "count": 0,
    "updated": 1551541331
  },
  {
    "id": "f07a5396-94a9-4ef8-a703-51042596b6d2",
    "data": [
      {
        "text": "Use ",
        "userDefined": false
      },
      {
        "text": "knife",
        "alias": "subject",
        "meta": "@sys.any",
        "userDefined": true
      },
      {
        "text": " on ",
        "userDefined": false
      },
      {
        "text": "meat",
        "alias": "object",
        "meta": "@sys.any",
        "userDefined": true
      }
    ],
    "isTemplate": false,
    "count": 0,
    "updated": 1551491619
  },
  {
    "id": "d0efd777-c11d-4846-ad5b-3a79b1fa3974",
    "data": [
      {
        "text": "Use ",
        "userDefined": false
      },
      {
        "text": "lotion",
        "alias": "subject",
        "meta": "@sys.any",
        "userDefined": true
      },
      {
        "text": " on ",
        "userDefined": false
      },
      {
        "text": "skin",
        "alias": "object",
        "meta": "@sys.any",
        "userDefined": true
      }
    ],
    "isTemplate": false,
    "count": 0,
    "updated": 1551491619
  },
  {
    "id": "fe99182b-253e-4580-9e70-4a429b37a026",
    "data": [
      {
        "text": "Combine ",
        "userDefined": false
      },
      {
        "text": "bourbon",
        "alias": "subject",
        "meta": "@sys.any",
        "userDefined": true
      },
      {
        "text": " and ",
        "userDefined": false
      },
      {
        "text": "vermouth",
        "alias": "object",
        "meta": "@sys.any",
        "userDefined": true
      }
    ],
    "isTemplate": false,
    "count": 0,
    "updated": 1551486740
  },
  {
    "id": "e1506080-6a70-49b4-a8a4-3822dfc063a8",
    "data": [
      {
        "text": "Combine ",
        "userDefined": false
      },
      {
        "text": "bread",
        "alias": "subject",
        "meta": "@sys.any",
        "userDefined": true
      },
      {
        "text": " with ",
        "userDefined": false
      },
      {
        "text": "butter",
        "alias": "object",
        "meta": "@sys.any",
        "userDefined": true
      }
    ],
    "isTemplate": false,
    "count": 0,
    "updated": 1551486740
  },
  {
    "id": "72620d71-5d39-43bd-8fe3-2301a2782854",
    "data": [
      {
        "text": "Use ",
        "userDefined": false
      },
      {
        "text": "fork",
        "alias": "subject",
        "meta": "@sys.any",
        "userDefined": true
      },
      {
        "text": " with ",
        "userDefined": false
      },
      {
        "text": "spaghetti",
        "alias": "object",
        "meta": "@sys.any",
        "userDefined": true
      }
    ],
    "isTemplate": false,
    "count": 0,
    "updated": 1551312425
  },
  {
    "id": "1b352e5c-1d51-4660-8ada-e3801ff27075",
    "data": [
      {
        "text": "Combine the ",
        "userDefined": false
      },
      {
        "text": "rye",
        "alias": "subject",
        "meta": "@sys.any",
        "userDefined": true
      },
      {
        "text": " and ",
        "userDefined": false
      },
      {
        "text": "vermouth",
        "alias": "object",
        "meta": "@sys.any",
        "userDefined": true
      }
    ],
    "isTemplate": false,
    "count": 0,
    "updated": 1551200214
  },
  {
    "id": "9afc8660-007f-448a-a3de-7bca9cb3cb57",
    "data": [
      {
        "text": "I put the ",
        "userDefined": false
      },
      {
        "text": "lotion",
        "alias": "subject",
        "meta": "@sys.any",
        "userDefined": true
      },
      {
        "text": " on its ",
        "userDefined": false
      },
      {
        "text": "skin",
        "alias": "object",
        "meta": "@sys.any",
        "userDefined": true
      }
    ],
    "isTemplate": false,
    "count": 0,
    "updated": 1550806573
  },
  {
    "id": "4cdd4f5e-9e7b-43c1-8387-e83e37c005bb",
    "data": [
      {
        "text": "Put the ",
        "userDefined": false
      },
      {
        "text": "soup",
        "alias": "subject",
        "meta": "@sys.any",
        "userDefined": true
      },
      {
        "text": " in the ",
        "userDefined": false
      },
      {
        "text": "bowl",
        "alias": "object",
        "meta": "@sys.any",
        "userDefined": true
      }
    ],
    "isTemplate": false,
    "count": 0,
    "updated": 1550806573
  },
  {
    "id": "51a98bdb-2157-4aa0-9255-ac4368ae99f4",
    "data": [
      {
        "text": "Put the ",
        "userDefined": false
      },
      {
        "text": "key",
        "alias": "subject",
        "meta": "@sys.any",
        "userDefined": true
      },
      {
        "text": " in the ",
        "userDefined": false
      },
      {
        "text": "lock",
        "alias": "object",
        "meta": "@sys.any",
        "userDefined": true
      }
    ],
    "isTemplate": false,
    "count": 0,
    "updated": 1550806573
  },
  {
    "id": "ed97ca00-22a5-4cc3-a705-53ddc1ae5870",
    "data": [
      {
        "text": "Use the ",
        "userDefined": false
      },
      {
        "text": "key",
        "alias": "subject",
        "meta": "@sys.any",
        "userDefined": true
      },
      {
        "text": " in the ",
        "userDefined": false
      },
      {
        "text": "door",
        "alias": "object",
        "meta": "@sys.any",
        "userDefined": true
      }
    ],
    "isTemplate": false,
    "count": 0,
    "updated": 1550806573
  },
  {
    "id": "8a4be0c8-e810-45ea-b58a-f1e08780493e",
    "data": [
      {
        "text": "I use the ",
        "userDefined": false
      },
      {
        "text": "sword",
        "alias": "subject",
        "meta": "@sys.any",
        "userDefined": true
      },
      {
        "text": " on the ",
        "userDefined": false
      },
      {
        "text": "dragon",
        "alias": "object",
        "meta": "@sys.any",
        "userDefined": true
      }
    ],
    "isTemplate": false,
    "count": 0,
    "updated": 1550806573
  },
  {
    "id": "25ef8d29-9fb9-401d-8ac6-eb799b197fb6",
    "data": [
      {
        "text": "I use the ",
        "userDefined": false
      },
      {
        "text": "telephone",
        "alias": "subject",
        "meta": "@sys.any",
        "userDefined": true
      }
    ],
    "isTemplate": false,
    "count": 0,
    "updated": 1550806573
  },
  {
    "id": "531717a1-307a-422c-a8b6-b7cdf0fd4653",
    "data": [
      {
        "text": "Attach the ",
        "userDefined": false
      },
      {
        "text": "garnish",
        "alias": "subject",
        "meta": "@sys.any",
        "userDefined": true
      },
      {
        "text": " to the ",
        "userDefined": false
      },
      {
        "text": "cocktail",
        "alias": "object",
        "meta": "@sys.any",
        "userDefined": true
      },
      {
        "text": ".",
        "userDefined": false
      }
    ],
    "isTemplate": false,
    "count": 0,
    "updated": 1551486740
  },
  {
    "id": "cd83fe74-95b4-44bc-8e40-e0227f686d2f",
    "data": [
      {
        "text": "Put",
        "alias": "verb",
        "meta": "@sys.any",
        "userDefined": true
      },
      {
        "text": " the ",
        "userDefined": false
      },
      {
        "text": "plug",
        "alias": "subject",
        "meta": "@sys.any",
        "userDefined": true
      },
      {
        "text": " into ",
        "userDefined": false
      },
      {
        "text": "socket",
        "alias": "object",
        "meta": "@sys.any",
        "userDefined": true
      }
    ],
    "isTemplate": false,
    "count": 0
  },
  {
    "id": "66299d3c-ecc5-4736-b327-dcb1324f240f",
    "data": [
      {
        "text": "Put",
        "alias": "verb",
        "meta": "@sys.any",
        "userDefined": true
      },
      {
        "text": " the ",
        "userDefined": false
      },
      {
        "text": "plug",
        "alias": "subject",
        "meta": "@sys.any",
        "userDefined": true
      },
      {
        "text": " into the ",
        "userDefined": false
      },
      {
        "text": "socket",
        "alias": "object",
        "meta": "@sys.any",
        "userDefined": true
      }
    ],
    "isTemplate": false,
    "count": 0
  },
  {
    "id": "6d08b63f-5feb-4d68-b88c-b03273b91f6c",
    "data": [
      {
        "text": "Attach ",
        "userDefined": false
      },
      {
        "text": "nail",
        "alias": "subject",
        "meta": "@sys.any",
        "userDefined": true
      },
      {
        "text": " to ",
        "userDefined": false
      },
      {
        "text": "stick",
        "alias": "object",
        "meta": "@sys.any",
        "userDefined": true
      }
    ],
    "isTemplate": false,
    "count": 0,
    "updated": 1551486740
  },
  {
    "id": "1a6adca5-a3eb-434b-9156-4078237d1635",
    "data": [
      {
        "text": "Use the ",
        "userDefined": false
      },
      {
        "text": "ball",
        "alias": "subject",
        "meta": "@sys.any",
        "userDefined": true
      },
      {
        "text": " on the ",
        "userDefined": false
      },
      {
        "text": "basket",
        "alias": "object",
        "meta": "@sys.any",
        "userDefined": true
      }
    ],
    "isTemplate": false,
    "count": 0,
    "updated": 1550806573
  },
  {
    "id": "34a53968-9e1f-47ec-a04f-a82f8a74def3",
    "data": [
      {
        "text": "Use the ",
        "userDefined": false
      },
      {
        "text": "microwave",
        "alias": "subject",
        "meta": "@sys.any",
        "userDefined": true
      }
    ],
    "isTemplate": false,
    "count": 0,
    "updated": 1550806573
  },
  {
    "id": "2fb2cb5f-0f10-4ca7-8cb0-2429633120bb",
    "data": [
      {
        "text": "Use the ",
        "userDefined": false
      },
      {
        "text": "door",
        "alias": "subject",
        "meta": "@sys.any",
        "userDefined": true
      }
    ],
    "isTemplate": false,
    "count": 0,
    "updated": 1550806573
  },
  {
    "id": "45d9038e-a3dc-4908-8bf1-e79a88f799d0",
    "data": [
      {
        "text": "Use the ",
        "userDefined": false
      },
      {
        "text": "knife",
        "alias": "subject",
        "meta": "@sys.any",
        "userDefined": true
      }
    ],
    "isTemplate": false,
    "count": 0,
    "updated": 1550806573
  }
]