[
  {
    "id": "df50dd8c-432f-4448-9782-fcfdf8c3e183",
    "data": [
      {
        "text": "Throw ",
        "userDefined": false
      },
      {
        "text": "ball",
        "alias": "subject",
        "meta": "@sys.any",
        "userDefined": true
      },
      {
        "text": " up ",
        "userDefined": false
      },
      {
        "text": "hill",
        "alias": "object",
        "meta": "@sys.any",
        "userDefined": true
      }
    ],
    "isTemplate": false,
    "count": 0,
    "updated": 1551820639
  },
  {
    "id": "be07f6be-8f50-477a-ab70-233f15b29925",
    "data": [
      {
        "text": "Throw the ",
        "userDefined": false
      },
      {
        "text": "ball",
        "alias": "subject",
        "meta": "@sys.any",
        "userDefined": true
      },
      {
        "text": " up the ",
        "userDefined": false
      },
      {
        "text": "hill",
        "alias": "object",
        "meta": "@sys.any",
        "userDefined": true
      }
    ],
    "isTemplate": false,
    "count": 0,
    "updated": 1551820639
  },
  {
    "id": "1e5f32de-83ec-4b13-9ea9-2b49c92c5c7f",
    "data": [
      {
        "text": "Climb the ",
        "userDefined": false
      },
      {
        "text": "waterfall",
        "alias": "subject",
        "meta": "@sys.any",
        "userDefined": true
      },
      {
        "text": " with the ",
        "userDefined": false
      },
      {
        "text": "icepicks",
        "alias": "object",
        "meta": "@sys.any",
        "userDefined": true
      }
    ],
    "isTemplate": false,
    "count": 0,
    "updated": 1551820516
  },
  {
    "id": "c48a7c6b-27aa-4c0f-a3d2-a4317cbc2148",
    "data": [
      {
        "text": "Climb ",
        "userDefined": false
      },
      {
        "text": "wall",
        "alias": "subject",
        "meta": "@sys.any",
        "userDefined": true
      },
      {
        "text": " with ",
        "userDefined": false
      },
      {
        "text": "pitons",
        "alias": "object",
        "meta": "@sys.any",
        "userDefined": true
      }
    ],
    "isTemplate": false,
    "count": 0,
    "updated": 1551820516
  },
  {
    "id": "36130a0b-2478-44c7-903d-b5cd2be706bd",
    "data": [
      {
        "text": "Climb the ",
        "userDefined": false
      },
      {
        "text": "tree",
        "alias": "subject",
        "meta": "@sys.any",
        "userDefined": true
      },
      {
        "text": " with the ",
        "userDefined": false
      },
      {
        "text": "ladder",
        "alias": "object",
        "meta": "@sys.any",
        "userDefined": true
      }
    ],
    "isTemplate": false,
    "count": 0,
    "updated": 1551820516
  },
  {
    "id": "9dc4ae44-b0d4-44e8-bb58-e497ff577a36",
    "data": [
      {
        "text": "Look through ",
        "userDefined": false
      },
      {
        "text": "binoculars",
        "alias": "subject",
        "meta": "@sys.any",
        "userDefined": true
      }
    ],
    "isTemplate": false,
    "count": 0,
    "updated": 1551820375
  },
  {
    "id": "3aaa7afd-5c18-4035-8064-8e0aac3857fd",
    "data": [
      {
        "text": "Look through the ",
        "userDefined": false
      },
      {
        "text": "spyglass",
        "alias": "subject",
        "meta": "@sys.any",
        "userDefined": true
      }
    ],
    "isTemplate": false,
    "count": 0,
    "updated": 1551820375
  },
  {
    "id": "fe1181ab-d3b5-4180-b8cd-4ea6b43473c3",
    "data": [
      {
        "text": "Throw the ",
        "userDefined": false
      },
      {
        "text": "blanket",
        "alias": "subject",
        "meta": "@sys.any",
        "userDefined": true
      },
      {
        "text": " over the ",
        "userDefined": false
      },
      {
        "text": "fire",
        "alias": "object",
        "meta": "@sys.any",
        "userDefined": true
      }
    ],
    "isTemplate": false,
    "count": 0,
    "updated": 1551809991
  },
  {
    "id": "069c7293-fed9-48f5-b8ea-38352e30838f",
    "data": [
      {
        "text": "Throw a ",
        "userDefined": false
      },
      {
        "text": "blanket",
        "alias": "subject",
        "meta": "@sys.any",
        "userDefined": true
      },
      {
        "text": " over the ",
        "userDefined": false
      },
      {
        "text": "fire",
        "alias": "object",
        "meta": "@sys.any",
        "userDefined": true
      }
    ],
    "isTemplate": false,
    "count": 0,
    "updated": 1551809991
  },
  {
    "id": "5c2e9686-54ed-4ab2-86ba-989c7906a257",
    "data": [
      {
        "text": "Throw ",
        "userDefined": false
      },
      {
        "text": "blanket",
        "alias": "subject",
        "meta": "@sys.any",
        "userDefined": true
      },
      {
        "text": " over ",
        "userDefined": false
      },
      {
        "text": "fire",
        "alias": "object",
        "meta": "@sys.any",
        "userDefined": true
      }
    ],
    "isTemplate": false,
    "count": 0,
    "updated": 1551809991
  },
  {
    "id": "c6a2b8f4-801c-4b7d-9c72-0d848b2473f4",
    "data": [
      {
        "text": "Climb down the ",
        "userDefined": false
      },
      {
        "text": "rope",
        "alias": "subject",
        "meta": "@sys.any",
        "userDefined": true
      }
    ],
    "isTemplate": false,
    "count": 0,
    "updated": 1551808929
  },
  {
    "id": "13a7fa22-5dc3-4149-8788-51a2a82cc042",
    "data": [
      {
        "text": "Climb down ",
        "userDefined": false
      },
      {
        "text": "rope",
        "alias": "subject",
        "meta": "@sys.any",
        "userDefined": true
      }
    ],
    "isTemplate": false,
    "count": 0,
    "updated": 1551808929
  },
  {
    "id": "40c1dc6a-0a33-486b-9310-1502c4aacfb3",
    "data": [
      {
        "text": "Climb up ",
        "userDefined": false
      },
      {
        "text": "rope",
        "alias": "subject",
        "meta": "@sys.any",
        "userDefined": true
      }
    ],
    "isTemplate": false,
    "count": 0,
    "updated": 1551808929
  },
  {
    "id": "f242015d-4a7f-4ab5-96b6-405787a5e4a0",
    "data": [
      {
        "text": "Climb up the ",
        "userDefined": false
      },
      {
        "text": "rope",
        "alias": "subject",
        "meta": "@sys.any",
        "userDefined": true
      }
    ],
    "isTemplate": false,
    "count": 0,
    "updated": 1551808929
  },
  {
    "id": "2d257c7a-a0da-4dad-8c52-804350ffbed6",
    "data": [
      {
        "text": "Climb ",
        "userDefined": false
      },
      {
        "text": "ladder",
        "alias": "subject",
        "meta": "@sys.any",
        "userDefined": true
      }
    ],
    "isTemplate": false,
    "count": 0,
    "updated": 1551803926
  },
  {
    "id": "cc1ba306-dbc9-44a2-bb1c-ad410aa8c27d",
    "data": [
      {
        "text": "Climb the ",
        "userDefined": false
      },
      {
        "text": "bookshelf",
        "alias": "subject",
        "meta": "@sys.any",
        "userDefined": true
      }
    ],
    "isTemplate": false,
    "count": 0,
    "updated": 1551803926
  },
  {
    "id": "518033c5-babc-4851-9eb2-6144b4de717b",
    "data": [
      {
        "text": "Drop ",
        "userDefined": false
      },
      {
        "text": "microphone",
        "alias": "subject",
        "meta": "@sys.any",
        "userDefined": true
      }
    ],
    "isTemplate": false,
    "count": 0,
    "updated": 1551717180
  },
  {
    "id": "b31ee423-a318-4b96-b6c2-b15e7c1bea50",
    "data": [
      {
        "text": "Drop the ",
        "userDefined": false
      },
      {
        "text": "bomb",
        "alias": "subject",
        "meta": "@sys.any",
        "userDefined": true
      }
    ],
    "isTemplate": false,
    "count": 0,
    "updated": 1551717180
  },
  {
    "id": "376d291f-86c8-4540-a0cf-5de9ab060930",
    "data": [
      {
        "text": "Lay ",
        "userDefined": false
      },
      {
        "text": "trap",
        "alias": "subject",
        "meta": "@sys.any",
        "userDefined": true
      },
      {
        "text": " on the ",
        "userDefined": false
      },
      {
        "text": "ground",
        "alias": "object",
        "meta": "@sys.any",
        "userDefined": true
      }
    ],
    "isTemplate": false,
    "count": 0,
    "updated": 1551716165
  },
  {
    "id": "bbba7c0b-d10c-43aa-b558-d931b5018629",
    "data": [
      {
        "text": "Lay ",
        "userDefined": false
      },
      {
        "text": "rug",
        "alias": "subject",
        "meta": "@sys.any",
        "userDefined": true
      },
      {
        "text": " on ",
        "userDefined": false
      },
      {
        "text": "floor",
        "alias": "object",
        "meta": "@sys.any",
        "userDefined": true
      }
    ],
    "isTemplate": false,
    "count": 0,
    "updated": 1551716165
  },
  {
    "id": "5d1a1a8a-150d-4432-97b2-062b69ea756e",
    "data": [
      {
        "text": "Lay the ",
        "userDefined": false
      },
      {
        "text": "tablecloth",
        "alias": "subject",
        "meta": "@sys.any",
        "userDefined": true
      },
      {
        "text": " on the ",
        "userDefined": false
      },
      {
        "text": "table",
        "alias": "object",
        "meta": "@sys.any",
        "userDefined": true
      }
    ],
    "isTemplate": false,
    "count": 0,
    "updated": 1551716165
  },
  {
    "id": "c653d1b9-99cf-4b87-9951-1f1a4e2f0f66",
    "data": [
      {
        "text": "Place ",
        "userDefined": false
      },
      {
        "text": "skull",
        "alias": "subject",
        "meta": "@sys.any",
        "userDefined": true
      },
      {
        "text": " in the ",
        "userDefined": false
      },
      {
        "text": "box",
        "alias": "object",
        "meta": "@sys.any",
        "userDefined": true
      }
    ],
    "isTemplate": false,
    "count": 0,
    "updated": 1551715432
  },
  {
    "id": "acc37024-340c-4128-a777-2f362df31138",
    "data": [
      {
        "text": "Place the ",
        "userDefined": false
      },
      {
        "text": "flower",
        "alias": "subject",
        "meta": "@sys.any",
        "userDefined": true
      },
      {
        "text": " in ",
        "userDefined": false
      },
      {
        "text": "vase",
        "alias": "object",
        "meta": "@sys.any",
        "userDefined": true
      }
    ],
    "isTemplate": false,
    "count": 0,
    "updated": 1551715432
  },
  {
    "id": "a1f41260-fff0-4d84-ae76-8db32d7469a6",
    "data": [
      {
        "text": "Place ",
        "userDefined": false
      },
      {
        "text": "frog",
        "alias": "subject",
        "meta": "@sys.any",
        "userDefined": true
      },
      {
        "text": " in ",
        "userDefined": false
      },
      {
        "text": "pot",
        "alias": "object",
        "meta": "@sys.any",
        "userDefined": true
      }
    ],
    "isTemplate": false,
    "count": 0,
    "updated": 1551715432
  },
  {
    "id": "ae38b22a-c6e7-4e6b-a4ea-14cbb6f8f195",
    "data": [
      {
        "text": "Place the ",
        "userDefined": false
      },
      {
        "text": "fish",
        "alias": "subject",
        "meta": "@sys.any",
        "userDefined": true
      },
      {
        "text": " in the ",
        "userDefined": false
      },
      {
        "text": "tank",
        "alias": "object",
        "meta": "@sys.any",
        "userDefined": true
      }
    ],
    "isTemplate": false,
    "count": 0,
    "updated": 1551715432
  },
  {
    "id": "3e35fcee-7f5f-48cd-9cd5-6e5385ae8c6b",
    "data": [
      {
        "text": "Pet ",
        "userDefined": false
      },
      {
        "text": "porcupine",
        "alias": "subject",
        "meta": "@sys.any",
        "userDefined": true
      }
    ],
    "isTemplate": false,
    "count": 0,
    "updated": 1551541331
  },
  {
    "id": "3db80e86-6e6c-4b9a-820d-117ab836a501",
    "data": [
      {
        "text": "Pet the ",
        "userDefined": false
      },
      {
        "text": "cat",
        "alias": "subject",
        "meta": "@sys.any",
        "userDefined": true
      }
    ],
    "isTemplate": false,
    "count": 0,
    "updated": 1551541331
  },
  {
    "id": "f07a5396-94a9-4ef8-a703-51042596b6d2",
    "data": [
      {
        "text": "Use ",
        "userDefined": false
      },
      {
        "text": "knife",
        "alias": "subject",
        "meta": "@sys.any",
        "userDefined": true
      },
      {
        "text": " on ",
        "userDefined": false
      },
      {
        "text": "meat",
        "alias": "object",
        "meta": "@sys.any",
        "userDefined": true
      }
    ],
    "isTemplate": false,
    "count": 0,
    "updated": 1551491619
  },
  {
    "id": "d0efd777-c11d-4846-ad5b-3a79b1fa3974",
    "data": [
      {
        "text": "Use ",
        "userDefined": false
      },
      {
        "text": "lotion",
        "alias": "subject",
        "meta": "@sys.any",
        "userDefined": true
      },
      {
        "text": " on ",
        "userDefined": false
      },
      {
        "text": "skin",
        "alias": "object",
        "meta": "@sys.any",
        "userDefined": true
      }
    ],
    "isTemplate": false,
    "count": 0,
    "updated": 1551491619
  },
  {
    "id": "fe99182b-253e-4580-9e70-4a429b37a026",
    "data": [
      {
        "text": "Combine ",
        "userDefined": false
      },
      {
        "text": "bourbon",
        "alias": "subject",
        "meta": "@sys.any",
        "userDefined": true
      },
      {
        "text": " and ",
        "userDefined": false
      },
      {
        "text": "vermouth",
        "alias": "object",
        "meta": "@sys.any",
        "userDefined": true
      }
    ],
    "isTemplate": false,
    "count": 0,
    "updated": 1551486740
  },
  {
    "id": "e1506080-6a70-49b4-a8a4-3822dfc063a8",
    "data": [
      {
        "text": "Combine ",
        "userDefined": false
      },
      {
        "text": "bread",
        "alias": "subject",
        "meta": "@sys.any",
        "userDefined": true
      },
      {
        "text": " with ",
        "userDefined": false
      },
      {
        "text": "butter",
        "alias": "object",
        "meta": "@sys.any",
        "userDefined": true
      }
    ],
    "isTemplate": false,
    "count": 0,
    "updated": 1551486740
  },
  {
    "id": "72620d71-5d39-43bd-8fe3-2301a2782854",
    "data": [
      {
        "text": "Use ",
        "userDefined": false
      },
      {
        "text": "fork",
        "alias": "subject",
        "meta": "@sys.any",
        "userDefined": true
      },
      {
        "text": " with ",
        "userDefined": false
      },
      {
        "text": "spaghetti",
        "alias": "object",
        "meta": "@sys.any",
        "userDefined": true
      }
    ],
    "isTemplate": false,
    "count": 0,
    "updated": 1551312425
  },
  {
    "id": "1b352e5c-1d51-4660-8ada-e3801ff27075",
    "data": [
      {
        "text": "Combine the ",
        "userDefined": false
      },
      {
        "text": "rye",
        "alias": "subject",
        "meta": "@sys.any",
        "userDefined": true
      },
      {
        "text": " and ",
        "userDefined": false
      },
      {
        "text": "vermouth",
        "alias": "object",
        "meta": "@sys.any",
        "userDefined": true
      }
    ],
    "isTemplate": false,
    "count": 0,
    "updated": 1551200214
  },
  {
    "id": "9afc8660-007f-448a-a3de-7bca9cb3cb57",
    "data": [
      {
        "text": "I put the ",
        "userDefined": false
      },
      {
        "text": "lotion",
        "alias": "subject",
        "meta": "@sys.any",
        "userDefined": true
      },
      {
        "text": " on its ",
        "userDefined": false
      },
      {
        "text": "skin",
        "alias": "object",
        "meta": "@sys.any",
        "userDefined": true
      }
    ],
    "isTemplate": false,
    "count": 0,
    "updated": 1550806573
  },
  {
    "id": "4cdd4f5e-9e7b-43c1-8387-e83e37c005bb",
    "data": [
      {
        "text": "Put the ",
        "userDefined": false
      },
      {
        "text": "soup",
        "alias": "subject",
        "meta": "@sys.any",
        "userDefined": true
      },
      {
        "text": " in the ",
        "userDefined": false
      },
      {
        "text": "bowl",
        "alias": "object",
        "meta": "@sys.any",
        "userDefined": true
      }
    ],
    "isTemplate": false,
    "count": 0,
    "updated": 1550806573
  },
  {
    "id": "51a98bdb-2157-4aa0-9255-ac4368ae99f4",
    "data": [
      {
        "text": "Put the ",
        "userDefined": false
      },
      {
        "text": "key",
        "alias": "subject",
        "meta": "@sys.any",
        "userDefined": true
      },
      {
        "text": " in the ",
        "userDefined": false
      },
      {
        "text": "lock",
        "alias": "object",
        "meta": "@sys.any",
        "userDefined": true
      }
    ],
    "isTemplate": false,
    "count": 0,
    "updated": 1550806573
  },
  {
    "id": "ed97ca00-22a5-4cc3-a705-53ddc1ae5870",
    "data": [
      {
        "text": "Use the ",
        "userDefined": false
      },
      {
        "text": "key",
        "alias": "subject",
        "meta": "@sys.any",
        "userDefined": true
      },
      {
        "text": " in the ",
        "userDefined": false
      },
      {
        "text": "door",
        "alias": "object",
        "meta": "@sys.any",
        "userDefined": true
      }
    ],
    "isTemplate": false,
    "count": 0,
    "updated": 1550806573
  },
  {
    "id": "8a4be0c8-e810-45ea-b58a-f1e08780493e",
    "data": [
      {
        "text": "I use the ",
        "userDefined": false
      },
      {
        "text": "sword",
        "alias": "subject",
        "meta": "@sys.any",
        "userDefined": true
      },
      {
        "text": " on the ",
        "userDefined": false
      },
      {
        "text": "dragon",
        "alias": "object",
        "meta": "@sys.any",
        "userDefined": true
      }
    ],
    "isTemplate": false,
    "count": 0,
    "updated": 1550806573
  },
  {
    "id": "25ef8d29-9fb9-401d-8ac6-eb799b197fb6",
    "data": [
      {
        "text": "I use the ",
        "userDefined": false
      },
      {
        "text": "telephone",
        "alias": "subject",
        "meta": "@sys.any",
        "userDefined": true
      }
    ],
    "isTemplate": false,
    "count": 0,
    "updated": 1550806573
  },
  {
    "id": "531717a1-307a-422c-a8b6-b7cdf0fd4653",
    "data": [
      {
        "text": "Attach the ",
        "userDefined": false
      },
      {
        "text": "garnish",
        "alias": "subject",
        "meta": "@sys.any",
        "userDefined": true
      },
      {
        "text": " to the ",
        "userDefined": false
      },
      {
        "text": "cocktail",
        "alias": "object",
        "meta": "@sys.any",
        "userDefined": true
      },
      {
        "text": ".",
        "userDefined": false
      }
    ],
    "isTemplate": false,
    "count": 0,
    "updated": 1551486740
  },
  {
    "id": "6d08b63f-5feb-4d68-b88c-b03273b91f6c",
    "data": [
      {
        "text": "Attach ",
        "userDefined": false
      },
      {
        "text": "nail",
        "alias": "subject",
        "meta": "@sys.any",
        "userDefined": true
      },
      {
        "text": " to ",
        "userDefined": false
      },
      {
        "text": "stick",
        "alias": "object",
        "meta": "@sys.any",
        "userDefined": true
      }
    ],
    "isTemplate": false,
    "count": 0,
    "updated": 1551486740
  },
  {
    "id": "1a6adca5-a3eb-434b-9156-4078237d1635",
    "data": [
      {
        "text": "Use the ",
        "userDefined": false
      },
      {
        "text": "ball",
        "alias": "subject",
        "meta": "@sys.any",
        "userDefined": true
      },
      {
        "text": " on the ",
        "userDefined": false
      },
      {
        "text": "basket",
        "alias": "object",
        "meta": "@sys.any",
        "userDefined": true
      }
    ],
    "isTemplate": false,
    "count": 0,
    "updated": 1550806573
  },
  {
    "id": "34a53968-9e1f-47ec-a04f-a82f8a74def3",
    "data": [
      {
        "text": "Use the ",
        "userDefined": false
      },
      {
        "text": "microwave",
        "alias": "subject",
        "meta": "@sys.any",
        "userDefined": true
      }
    ],
    "isTemplate": false,
    "count": 0,
    "updated": 1550806573
  },
  {
    "id": "2fb2cb5f-0f10-4ca7-8cb0-2429633120bb",
    "data": [
      {
        "text": "Use the ",
        "userDefined": false
      },
      {
        "text": "door",
        "alias": "subject",
        "meta": "@sys.any",
        "userDefined": true
      }
    ],
    "isTemplate": false,
    "count": 0,
    "updated": 1550806573
  },
  {
    "id": "45d9038e-a3dc-4908-8bf1-e79a88f799d0",
    "data": [
      {
        "text": "Use the ",
        "userDefined": false
      },
      {
        "text": "knife",
        "alias": "subject",
        "meta": "@sys.any",
        "userDefined": true
      }
    ],
    "isTemplate": false,
    "count": 0,
    "updated": 1550806573
  }
]