[
  {
    "id": "3e35fcee-7f5f-48cd-9cd5-6e5385ae8c6b",
    "data": [
      {
        "text": "Pet ",
        "userDefined": false
      },
      {
        "text": "porcupine",
        "alias": "subject",
        "meta": "@sys.any",
        "userDefined": true
      }
    ],
    "isTemplate": false,
    "count": 0,
    "updated": 1551541331
  },
  {
    "id": "3db80e86-6e6c-4b9a-820d-117ab836a501",
    "data": [
      {
        "text": "Pet the ",
        "userDefined": false
      },
      {
        "text": "cat",
        "alias": "subject",
        "meta": "@sys.any",
        "userDefined": true
      }
    ],
    "isTemplate": false,
    "count": 0,
    "updated": 1551541331
  },
  {
    "id": "f07a5396-94a9-4ef8-a703-51042596b6d2",
    "data": [
      {
        "text": "Use ",
        "userDefined": false
      },
      {
        "text": "knife",
        "alias": "subject",
        "meta": "@sys.any",
        "userDefined": true
      },
      {
        "text": " on ",
        "userDefined": false
      },
      {
        "text": "meat",
        "alias": "object",
        "meta": "@sys.any",
        "userDefined": true
      }
    ],
    "isTemplate": false,
    "count": 0,
    "updated": 1551491619
  },
  {
    "id": "d0efd777-c11d-4846-ad5b-3a79b1fa3974",
    "data": [
      {
        "text": "Use ",
        "userDefined": false
      },
      {
        "text": "lotion",
        "alias": "subject",
        "meta": "@sys.any",
        "userDefined": true
      },
      {
        "text": " on ",
        "userDefined": false
      },
      {
        "text": "skin",
        "alias": "object",
        "meta": "@sys.any",
        "userDefined": true
      }
    ],
    "isTemplate": false,
    "count": 0,
    "updated": 1551491619
  },
  {
    "id": "fe99182b-253e-4580-9e70-4a429b37a026",
    "data": [
      {
        "text": "Combine ",
        "userDefined": false
      },
      {
        "text": "bourbon",
        "alias": "subject",
        "meta": "@sys.any",
        "userDefined": true
      },
      {
        "text": " and ",
        "userDefined": false
      },
      {
        "text": "vermouth",
        "alias": "object",
        "meta": "@sys.any",
        "userDefined": true
      }
    ],
    "isTemplate": false,
    "count": 0,
    "updated": 1551486740
  },
  {
    "id": "e1506080-6a70-49b4-a8a4-3822dfc063a8",
    "data": [
      {
        "text": "Combine ",
        "userDefined": false
      },
      {
        "text": "bread",
        "alias": "subject",
        "meta": "@sys.any",
        "userDefined": true
      },
      {
        "text": " with ",
        "userDefined": false
      },
      {
        "text": "butter",
        "alias": "object",
        "meta": "@sys.any",
        "userDefined": true
      }
    ],
    "isTemplate": false,
    "count": 0,
    "updated": 1551486740
  },
  {
    "id": "72620d71-5d39-43bd-8fe3-2301a2782854",
    "data": [
      {
        "text": "Use ",
        "userDefined": false
      },
      {
        "text": "fork",
        "alias": "subject",
        "meta": "@sys.any",
        "userDefined": true
      },
      {
        "text": " with ",
        "userDefined": false
      },
      {
        "text": "spaghetti",
        "alias": "object",
        "meta": "@sys.any",
        "userDefined": true
      }
    ],
    "isTemplate": false,
    "count": 0,
    "updated": 1551312425
  },
  {
    "id": "1b352e5c-1d51-4660-8ada-e3801ff27075",
    "data": [
      {
        "text": "Combine the ",
        "userDefined": false
      },
      {
        "text": "rye",
        "alias": "subject",
        "meta": "@sys.any",
        "userDefined": true
      },
      {
        "text": " and ",
        "userDefined": false
      },
      {
        "text": "vermouth",
        "alias": "object",
        "meta": "@sys.any",
        "userDefined": true
      }
    ],
    "isTemplate": false,
    "count": 0,
    "updated": 1551200214
  },
  {
    "id": "9afc8660-007f-448a-a3de-7bca9cb3cb57",
    "data": [
      {
        "text": "I put the ",
        "userDefined": false
      },
      {
        "text": "lotion",
        "alias": "subject",
        "meta": "@sys.any",
        "userDefined": true
      },
      {
        "text": " on its ",
        "userDefined": false
      },
      {
        "text": "skin",
        "alias": "object",
        "meta": "@sys.any",
        "userDefined": true
      }
    ],
    "isTemplate": false,
    "count": 0,
    "updated": 1550806573
  },
  {
    "id": "4cdd4f5e-9e7b-43c1-8387-e83e37c005bb",
    "data": [
      {
        "text": "Put the ",
        "userDefined": false
      },
      {
        "text": "soup",
        "alias": "subject",
        "meta": "@sys.any",
        "userDefined": true
      },
      {
        "text": " in the ",
        "userDefined": false
      },
      {
        "text": "bowl",
        "alias": "object",
        "meta": "@sys.any",
        "userDefined": true
      }
    ],
    "isTemplate": false,
    "count": 0,
    "updated": 1550806573
  },
  {
    "id": "51a98bdb-2157-4aa0-9255-ac4368ae99f4",
    "data": [
      {
        "text": "Put the ",
        "userDefined": false
      },
      {
        "text": "key",
        "alias": "subject",
        "meta": "@sys.any",
        "userDefined": true
      },
      {
        "text": " in the ",
        "userDefined": false
      },
      {
        "text": "lock",
        "alias": "object",
        "meta": "@sys.any",
        "userDefined": true
      }
    ],
    "isTemplate": false,
    "count": 0,
    "updated": 1550806573
  },
  {
    "id": "ed97ca00-22a5-4cc3-a705-53ddc1ae5870",
    "data": [
      {
        "text": "Use the ",
        "userDefined": false
      },
      {
        "text": "key",
        "alias": "subject",
        "meta": "@sys.any",
        "userDefined": true
      },
      {
        "text": " in the ",
        "userDefined": false
      },
      {
        "text": "door",
        "alias": "object",
        "meta": "@sys.any",
        "userDefined": true
      }
    ],
    "isTemplate": false,
    "count": 0,
    "updated": 1550806573
  },
  {
    "id": "8a4be0c8-e810-45ea-b58a-f1e08780493e",
    "data": [
      {
        "text": "I use the ",
        "userDefined": false
      },
      {
        "text": "sword",
        "alias": "subject",
        "meta": "@sys.any",
        "userDefined": true
      },
      {
        "text": " on the ",
        "userDefined": false
      },
      {
        "text": "dragon",
        "alias": "object",
        "meta": "@sys.any",
        "userDefined": true
      }
    ],
    "isTemplate": false,
    "count": 0,
    "updated": 1550806573
  },
  {
    "id": "25ef8d29-9fb9-401d-8ac6-eb799b197fb6",
    "data": [
      {
        "text": "I use the ",
        "userDefined": false
      },
      {
        "text": "telephone",
        "alias": "subject",
        "meta": "@sys.any",
        "userDefined": true
      }
    ],
    "isTemplate": false,
    "count": 0,
    "updated": 1550806573
  },
  {
    "id": "531717a1-307a-422c-a8b6-b7cdf0fd4653",
    "data": [
      {
        "text": "Attach the ",
        "userDefined": false
      },
      {
        "text": "garnish",
        "alias": "subject",
        "meta": "@sys.any",
        "userDefined": true
      },
      {
        "text": " to the ",
        "userDefined": false
      },
      {
        "text": "cocktail",
        "alias": "object",
        "meta": "@sys.any",
        "userDefined": true
      },
      {
        "text": ".",
        "userDefined": false
      }
    ],
    "isTemplate": false,
    "count": 0,
    "updated": 1551486740
  },
  {
    "id": "6d08b63f-5feb-4d68-b88c-b03273b91f6c",
    "data": [
      {
        "text": "Attach ",
        "userDefined": false
      },
      {
        "text": "nail",
        "alias": "subject",
        "meta": "@sys.any",
        "userDefined": true
      },
      {
        "text": " to ",
        "userDefined": false
      },
      {
        "text": "stick",
        "alias": "object",
        "meta": "@sys.any",
        "userDefined": true
      }
    ],
    "isTemplate": false,
    "count": 0,
    "updated": 1551486740
  },
  {
    "id": "1a6adca5-a3eb-434b-9156-4078237d1635",
    "data": [
      {
        "text": "Use the ",
        "userDefined": false
      },
      {
        "text": "ball",
        "alias": "subject",
        "meta": "@sys.any",
        "userDefined": true
      },
      {
        "text": " on the ",
        "userDefined": false
      },
      {
        "text": "basket",
        "alias": "object",
        "meta": "@sys.any",
        "userDefined": true
      }
    ],
    "isTemplate": false,
    "count": 0,
    "updated": 1550806573
  },
  {
    "id": "34a53968-9e1f-47ec-a04f-a82f8a74def3",
    "data": [
      {
        "text": "Use the ",
        "userDefined": false
      },
      {
        "text": "microwave",
        "alias": "subject",
        "meta": "@sys.any",
        "userDefined": true
      }
    ],
    "isTemplate": false,
    "count": 0,
    "updated": 1550806573
  },
  {
    "id": "2fb2cb5f-0f10-4ca7-8cb0-2429633120bb",
    "data": [
      {
        "text": "Use the ",
        "userDefined": false
      },
      {
        "text": "door",
        "alias": "subject",
        "meta": "@sys.any",
        "userDefined": true
      }
    ],
    "isTemplate": false,
    "count": 0,
    "updated": 1550806573
  },
  {
    "id": "45d9038e-a3dc-4908-8bf1-e79a88f799d0",
    "data": [
      {
        "text": "Use the ",
        "userDefined": false
      },
      {
        "text": "knife",
        "alias": "subject",
        "meta": "@sys.any",
        "userDefined": true
      }
    ],
    "isTemplate": false,
    "count": 0,
    "updated": 1550806573
  }
]