[
  {
    "id": "72620d71-5d39-43bd-8fe3-2301a2782854",
    "data": [
      {
        "text": "Use ",
        "userDefined": false
      },
      {
        "text": "fork",
        "alias": "subject",
        "meta": "@sys.any",
        "userDefined": true
      },
      {
        "text": " with ",
        "userDefined": false
      },
      {
        "text": "spaghetti",
        "alias": "object",
        "meta": "@sys.any",
        "userDefined": true
      }
    ],
    "isTemplate": false,
    "count": 0,
    "updated": 1551312425
  },
  {
    "id": "1b352e5c-1d51-4660-8ada-e3801ff27075",
    "data": [
      {
        "text": "Combine the ",
        "userDefined": false
      },
      {
        "text": "rye",
        "alias": "subject",
        "meta": "@sys.any",
        "userDefined": true
      },
      {
        "text": " and ",
        "userDefined": false
      },
      {
        "text": "vermouth",
        "alias": "object",
        "meta": "@sys.any",
        "userDefined": true
      }
    ],
    "isTemplate": false,
    "count": 0,
    "updated": 1551200214
  },
  {
    "id": "9afc8660-007f-448a-a3de-7bca9cb3cb57",
    "data": [
      {
        "text": "I put the ",
        "userDefined": false
      },
      {
        "text": "lotion",
        "alias": "subject",
        "meta": "@sys.any",
        "userDefined": true
      },
      {
        "text": " on its ",
        "userDefined": false
      },
      {
        "text": "skin",
        "alias": "object",
        "meta": "@sys.any",
        "userDefined": true
      }
    ],
    "isTemplate": false,
    "count": 0,
    "updated": 1550806573
  },
  {
    "id": "4cdd4f5e-9e7b-43c1-8387-e83e37c005bb",
    "data": [
      {
        "text": "Put the ",
        "userDefined": false
      },
      {
        "text": "soup",
        "alias": "subject",
        "meta": "@sys.any",
        "userDefined": true
      },
      {
        "text": " in the ",
        "userDefined": false
      },
      {
        "text": "bowl",
        "alias": "object",
        "meta": "@sys.any",
        "userDefined": true
      }
    ],
    "isTemplate": false,
    "count": 0,
    "updated": 1550806573
  },
  {
    "id": "51a98bdb-2157-4aa0-9255-ac4368ae99f4",
    "data": [
      {
        "text": "Put the ",
        "userDefined": false
      },
      {
        "text": "key",
        "alias": "subject",
        "meta": "@sys.any",
        "userDefined": true
      },
      {
        "text": " in the ",
        "userDefined": false
      },
      {
        "text": "lock",
        "alias": "object",
        "meta": "@sys.any",
        "userDefined": true
      }
    ],
    "isTemplate": false,
    "count": 0,
    "updated": 1550806573
  },
  {
    "id": "ed97ca00-22a5-4cc3-a705-53ddc1ae5870",
    "data": [
      {
        "text": "Use the ",
        "userDefined": false
      },
      {
        "text": "key",
        "alias": "subject",
        "meta": "@sys.any",
        "userDefined": true
      },
      {
        "text": " in the ",
        "userDefined": false
      },
      {
        "text": "door",
        "alias": "object",
        "meta": "@sys.any",
        "userDefined": true
      }
    ],
    "isTemplate": false,
    "count": 0,
    "updated": 1550806573
  },
  {
    "id": "8a4be0c8-e810-45ea-b58a-f1e08780493e",
    "data": [
      {
        "text": "I use the ",
        "userDefined": false
      },
      {
        "text": "sword",
        "alias": "subject",
        "meta": "@sys.any",
        "userDefined": true
      },
      {
        "text": " on the ",
        "userDefined": false
      },
      {
        "text": "dragon",
        "alias": "object",
        "meta": "@sys.any",
        "userDefined": true
      }
    ],
    "isTemplate": false,
    "count": 0,
    "updated": 1550806573
  },
  {
    "id": "25ef8d29-9fb9-401d-8ac6-eb799b197fb6",
    "data": [
      {
        "text": "I use the ",
        "userDefined": false
      },
      {
        "text": "telephone",
        "alias": "subject",
        "meta": "@sys.any",
        "userDefined": true
      }
    ],
    "isTemplate": false,
    "count": 0,
    "updated": 1550806573
  },
  {
    "id": "1a6adca5-a3eb-434b-9156-4078237d1635",
    "data": [
      {
        "text": "Use the ",
        "userDefined": false
      },
      {
        "text": "ball",
        "alias": "subject",
        "meta": "@sys.any",
        "userDefined": true
      },
      {
        "text": " on the ",
        "userDefined": false
      },
      {
        "text": "basket",
        "alias": "object",
        "meta": "@sys.any",
        "userDefined": true
      }
    ],
    "isTemplate": false,
    "count": 0,
    "updated": 1550806573
  },
  {
    "id": "34a53968-9e1f-47ec-a04f-a82f8a74def3",
    "data": [
      {
        "text": "Use the ",
        "userDefined": false
      },
      {
        "text": "microwave",
        "alias": "subject",
        "meta": "@sys.any",
        "userDefined": true
      }
    ],
    "isTemplate": false,
    "count": 0,
    "updated": 1550806573
  },
  {
    "id": "2fb2cb5f-0f10-4ca7-8cb0-2429633120bb",
    "data": [
      {
        "text": "Use the ",
        "userDefined": false
      },
      {
        "text": "door",
        "alias": "subject",
        "meta": "@sys.any",
        "userDefined": true
      }
    ],
    "isTemplate": false,
    "count": 0,
    "updated": 1550806573
  },
  {
    "id": "45d9038e-a3dc-4908-8bf1-e79a88f799d0",
    "data": [
      {
        "text": "Use the ",
        "userDefined": false
      },
      {
        "text": "knife",
        "alias": "subject",
        "meta": "@sys.any",
        "userDefined": true
      }
    ],
    "isTemplate": false,
    "count": 0,
    "updated": 1550806573
  }
]