[
  {
    "id": "4352a1af-bc67-4771-8f42-a2a100e13bc2",
    "data": [
      {
        "text": "I like adventure",
        "userDefined": false
      }
    ],
    "isTemplate": false,
    "count": 0,
    "updated": 1550768303
  },
  {
    "id": "70edc8c7-0902-4a09-b125-d6bebd4f6b95",
    "data": [
      {
        "text": "Adventure!",
        "userDefined": false
      }
    ],
    "isTemplate": false,
    "count": 0,
    "updated": 1550768303
  },
  {
    "id": "9bd6f867-5f96-4afd-9797-c6eeba5193cc",
    "data": [
      {
        "text": "Can I go on an adventure?",
        "userDefined": false
      }
    ],
    "isTemplate": false,
    "count": 0,
    "updated": 1550768303
  },
  {
    "id": "0c9a5d45-c791-4383-98be-30ca931b1a3f",
    "data": [
      {
        "text": "Let\u0027s have an adventure",
        "userDefined": false
      }
    ],
    "isTemplate": false,
    "count": 0,
    "updated": 1550768303
  },
  {
    "id": "929c0ed7-c8ce-4698-9ea6-1c1f8ac83acf",
    "data": [
      {
        "text": "I\u0027m feeling adventurous",
        "userDefined": false
      }
    ],
    "isTemplate": false,
    "count": 0,
    "updated": 1550768303
  },
  {
    "id": "79f2b217-6393-4e31-8304-55b85c3d1ae0",
    "data": [
      {
        "text": "I want an adventure",
        "userDefined": false
      }
    ],
    "isTemplate": false,
    "count": 0,
    "updated": 1550768303
  },
  {
    "id": "9c430350-aa88-40a8-b482-42005599c934",
    "data": [
      {
        "text": "Go on an adventure",
        "userDefined": false
      }
    ],
    "isTemplate": false,
    "count": 0,
    "updated": 1550768303
  },
  {
    "id": "eeeafd6f-004c-4d23-b58e-0579e108bd7a",
    "data": [
      {
        "text": "have an adventure",
        "userDefined": false
      }
    ],
    "isTemplate": false,
    "count": 0,
    "updated": 1550768303
  }
]